transport_id,origin_id,destination_id,transport_mode,distance_km,estimated_duration_mins,estimated_cost_inr
1,1,2,train,1152.5,864,6235
2,1,3,flight,1749.0,174,15701
3,1,4,flight,1766.5,176,16040
4,1,5,flight,1316.9,131,11227
5,1,6,train,1265.7,949,6543
6,1,7,train,1178.7,884,5356
7,1,8,flight,776.9,77,8679
8,1,9,flight,237.4,23,3745
9,1,10,train,430.6,322,3289
10,1,11,car,191.6,229,2060
11,1,12,train,692.3,519,4714
12,1,13,train,389.7,292,2226
13,1,14,flight,863.4,86,8553
14,1,15,train,676.6,507,4259
15,1,16,flight,605.8,60,5369
16,1,17,flight,636.5,63,6087
17,1,18,train,266.9,200,3609
18,1,19,flight,393.4,39,4951
19,1,20,train,1922.7,1442,9775
20,1,21,flight,2068.7,206,17115
21,1,22,flight,1111.4,111,11109
22,1,23,flight,240.9,24,3770
23,1,24,cab,190.6,228,2465
24,1,25,train,216.2,162,1618
25,1,26,flight,2052.4,205,17911
26,1,27,train,1823.7,1367,8771
27,1,28,flight,648.0,64,7929
28,1,29,train,631.4,473,5418
29,1,30,flight,226.8,22,3565
30,1,31,flight,1168.0,116,10811
31,1,32,flight,1247.0,124,12392
32,1,33,train,1243.5,932,7960
33,1,34,train,362.3,271,2747
34,1,35,flight,607.1,60,6035
35,1,36,flight,2135.8,213,17590
36,1,37,train,1599.8,1199,9235
37,1,38,flight,1883.7,188,18044
38,1,39,train,2219.0,1664,10059
39,1,40,flight,1487.1,148,13601
40,1,41,train,812.2,609,3836
41,1,42,flight,941.1,94,10308
42,1,43,flight,486.5,48,5491
43,1,44,train,1283.9,962,7493
44,1,45,flight,393.4,39,4436
45,1,46,train,648.0,485,4157
46,1,47,flight,812.2,81,8794
47,1,48,flight,362.3,36,3584
48,1,49,flight,607.1,60,6302
49,1,50,train,1247.0,935,7905
50,2,1,flight,1152.5,115,11878
51,2,3,flight,844.8,84,8452
52,2,4,flight,1032.4,103,11212
53,2,5,train,1653.8,1240,8072
54,2,6,train,621.1,465,3566
55,2,7,car,120.1,144,1682
56,2,8,flight,439.7,43,4479
57,2,9,flight,920.2,92,8442
58,2,10,flight,1193.9,119,10844
59,2,11,flight,1041.4,104,10034
60,2,12,train,1248.3,936,6219
61,2,13,train,1409.7,1057,6733
62,2,14,train,687.6,515,5619
63,2,15,train,509.5,382,4065
64,2,16,flight,660.9,66,6581
65,2,17,train,1678.5,1258,8582
66,2,18,flight,1404.5,140,12802
67,2,19,flight,1525.1,152,14490
68,2,20,flight,945.3,94,10187
69,2,21,train,1095.2,821,6581
70,2,22,flight,1802.4,180,15464
71,2,23,flight,1325.2,132,12535
72,2,24,train,1338.8,1004,7491
73,2,25,train,1368.5,1026,6460
74,2,26,train,1099.9,824,5767
75,2,27,flight,811.6,81,7750
76,2,28,train,1671.0,1253,9351
77,2,29,train,613.4,460,4221
78,2,30,flight,1360.4,136,12588
79,2,31,car,66.6,79,1008
80,2,32,cab,153.2,183,1872
81,2,33,car,162.4,194,1958
82,2,34,flight,1493.2,149,13268
83,2,35,train,1738.6,1303,9077
84,2,36,flight,1127.5,112,10664
85,2,37,flight,527.0,52,6116
86,2,38,train,1085.5,814,6614
87,2,39,flight,1220.7,122,11005
88,2,40,flight,563.3,56,5762
89,2,41,train,360.5,270,2843
90,2,42,train,232.8,174,2064
91,2,43,flight,796.1,79,7191
92,2,44,flight,1361.0,136,13803
93,2,45,train,1525.1,1143,8063
94,2,46,train,1671.0,1253,9421
95,2,47,flight,360.5,36,3670
96,2,48,train,1493.2,1119,7586
97,2,49,train,1738.6,1303,9414
98,2,50,car,153.2,183,1788
99,3,1,flight,1749.0,174,15985
100,3,2,flight,844.8,84,9108
101,3,4,flight,290.0,28,5056
102,3,5,train,1559.7,1169,8685
103,3,6,flight,499.7,49,5470
104,3,7,train,734.8,551,4767
105,3,8,train,1236.3,927,6856
106,3,9,train,1560.6,1170,7334
107,3,10,train,1580.9,1185,7136
108,3,11,train,1579.1,1184,9193
109,3,12,train,1483.1,1112,6806
110,3,13,flight,2092.4,209,17542
111,3,14,train,922.1,691,4927
112,3,15,flight,1098.7,109,10534
113,3,16,train,1143.4,857,6445
114,3,17,flight,2363.0,236,19778
115,3,18,flight,2015.5,201,17502
116,3,19,train,2142.0,1606,10408
117,3,20,car,199.5,239,2532
118,3,21,train,325.7,244,3134
119,3,22,train,1916.9,1437,10328
120,3,23,flight,1834.8,183,16747
121,3,24,train,1903.2,1427,9363
122,3,25,flight,1944.0,194,17187
123,3,26,train,304.0,227,3089
124,3,27,flight,206.2,20,4050
125,3,28,flight,2365.0,236,20637
126,3,29,train,1389.5,1042,6705
127,3,30,train,1975.8,1481,9022
128,3,31,flight,782.5,78,7001
129,3,32,flight,692.0,69,6885
130,3,33,flight,682.5,68,6718
131,3,34,flight,2111.2,211,19081
132,3,35,train,2353.7,1765,11678
133,3,36,train,409.5,307,4073
134,3,37,train,393.9,295,4107
135,3,38,train,266.1,199,2506
136,3,39,train,480.1,360,3171
137,3,40,flight,289.7,28,4619
138,3,41,train,1137.6,853,5188
139,3,42,flight,1041.9,104,8892
140,3,43,train,1549.6,1162,7507
141,3,44,train,1195.4,896,5439
142,3,45,train,2142.0,1606,9310
143,3,46,train,2365.0,1773,12091
144,3,47,flight,1137.6,113,10370
145,3,48,train,2111.2,1583,10770
146,3,49,train,2353.7,1765,11840
147,3,50,flight,692.0,69,7128
148,4,1,train,1766.5,1324,8101
149,4,2,flight,1032.4,103,10341
150,4,3,flight,290.0,28,2846
151,4,5,train,1357.5,1018,8206
152,4,6,train,514.9,386,4958
153,4,7,train,913.8,685,5072
154,4,8,train,1370.9,1028,6346
155,4,9,train,1606.1,1204,7926
156,4,10,train,1531.1,1148,7441
157,4,11,flight,1583.8,158,13402
158,4,12,flight,1388.7,138,12628
159,4,13,flight,2133.9,213,18715
160,4,14,flight,904.8,90,7844
161,4,15,train,1167.9,875,6990
162,4,16,train,1170.4,877,5568
163,4,17,train,2398.2,1798,12254
164,4,18,train,2027.6,1520,10352
165,4,19,flight,2152.2,215,17879
166,4,20,flight,430.7,43,5913
167,4,21,train,482.6,361,4116
168,4,22,train,1759.3,1319,8248
169,4,23,flight,1814.3,181,16607
170,4,24,flight,1900.8,190,16993
171,4,25,flight,1944.2,194,17165
172,4,26,flight,437.6,43,4511
173,4,27,train,490.9,368,4555
174,4,28,train,2405.0,1803,10541
175,4,29,flight,1505.1,150,14094
176,4,30,flight,1991.2,199,17505
177,4,31,flight,966.3,96,9520
178,4,32,train,887.2,665,4463
179,4,33,train,874.9,656,4791
180,4,34,train,2123.0,1592,9752
181,4,35,train,2357.1,1767,10131
182,4,36,train,585.0,438,3369
183,4,37,train,662.0,496,5406
184,4,38,car,136.4,163,1659
185,4,39,train,619.5,464,5370
186,4,40,train,480.8,360,4902
187,4,41,flight,1269.8,126,10747
188,4,42,train,1196.0,897,6270
189,4,43,flight,1645.9,164,14829
190,4,44,flight,995.7,99,9383
191,4,45,flight,2152.2,215,19145
192,4,46,flight,2405.0,240,19873
193,4,47,flight,1269.8,126,12361
194,4,48,train,2123.0,1592,9599
195,4,49,train,2357.1,1767,10146
196,4,50,train,887.2,665,4481
197,5,1,flight,1316.9,131,12048
198,5,2,train,1653.8,1240,7790
199,5,3,train,1559.7,1169,8478
200,5,4,flight,1357.5,135,11829
201,5,6,flight,1181.1,118,11259
202,5,7,flight,1574.4,157,13382
203,5,8,flight,1617.8,161,13643
204,5,9,train,1356.9,1017,7161
205,5,10,train,886.4,664,4246
206,5,11,flight,1162.0,116,11694
207,5,12,flight,626.6,62,7128
208,5,13,flight,1669.4,166,16062
209,5,14,train,969.5,727,5358
210,5,15,train,1282.3,961,6214
211,5,16,flight,1123.2,112,9700
212,5,17,train,1839.7,1379,9756
213,5,18,train,1457.9,1093,8171
214,5,19,train,1537.6,1153,7101
215,5,20,flight,1752.4,175,15644
216,5,21,flight,1835.9,183,15649
217,5,22,flight,496.1,49,5480
218,5,23,train,1168.1,876,6013
219,5,24,train,1305.9,979,7391
220,5,25,train,1346.5,1009,7275
221,5,26,train,1793.2,1344,8928
222,5,27,train,1748.9,1311,9252
223,5,28,flight,1866.8,186,17589
224,5,29,flight,1608.9,160,14867
225,5,30,flight,1448.4,144,13082
226,5,31,flight,1611.0,161,13898
227,5,32,flight,1614.1,161,14888
228,5,33,train,1600.3,1200,8814
229,5,34,flight,1523.3,152,13446
230,5,35,train,1661.5,1246,7503
231,5,36,flight,1936.7,193,16775
232,5,37,train,1726.0,1294,9797
233,5,38,flight,1488.9,148,13770
234,5,39,flight,1976.9,197,18490
235,5,40,train,1486.2,1114,8905
236,5,41,train,1559.0,1169,8260
237,5,42,train,1608.7,1206,8292
238,5,43,flight,1603.7,160,15761
239,5,44,flight,364.7,36,5411
240,5,45,train,1537.6,1153,9142
241,5,46,flight,1866.8,186,15900
242,5,47,train,1559.0,1169,6895
243,5,48,flight,1523.3,152,13096
244,5,49,flight,1661.5,166,15740
245,5,50,flight,1614.1,161,15648
246,6,1,flight,1265.7,126,11699
247,6,2,train,621.1,465,3310
248,6,3,flight,499.7,49,6544
249,6,4,flight,514.9,51,6971
250,6,5,flight,1181.1,118,11540
251,6,7,flight,505.4,50,5828
252,6,8,flight,878.9,87,9241
253,6,9,train,1094.5,820,5333
254,6,10,train,1081.4,811,6259
255,6,11,flight,1089.2,108,11320
256,6,12,flight,996.1,99,10190
257,6,13,train,1624.7,1218,7955
258,6,14,flight,422.7,42,6133
259,6,15,train,653.2,489,5101
260,6,16,flight,662.4,66,7725
261,6,17,train,1891.6,1418,8954
262,6,18,train,1530.4,1147,8849
263,6,19,flight,1656.2,165,15203
264,6,20,flight,691.8,69,6171
265,6,21,train,825.4,619,4911
266,6,22,train,1468.9,1101,6881
267,6,23,flight,1337.9,133,13052
268,6,24,train,1411.7,1058,7972
269,6,25,train,1453.6,1090,8165
270,6,26,train,801.4,601,5056
271,6,27,train,630.4,472,4967
272,6,28,train,1896.7,1422,9641
273,6,29,flight,1000.0,99,9790
274,6,30,train,1492.1,1119,8768
275,6,31,flight,557.4,55,5917
276,6,32,flight,512.2,51,4832
277,6,33,flight,497.2,49,4581
278,6,34,flight,1626.1,162,15175
279,6,35,flight,1865.5,186,17211
280,6,36,train,906.6,679,5565
281,6,37,flight,545.8,54,5995
282,6,38,train,621.3,466,3563
283,6,39,flight,979.8,97,10450
284,6,40,flight,314.0,31,3277
285,6,41,flight,778.7,77,6961
286,6,42,train,727.1,545,3806
287,6,43,train,1133.4,850,6311
288,6,44,train,836.6,627,5406
289,6,45,train,1656.2,1242,7762
290,6,46,train,1896.7,1422,8706
291,6,47,train,778.7,584,5435
292,6,48,train,1626.1,1219,7396
293,6,49,train,1865.5,1399,9495
294,6,50,train,512.2,384,2580
295,7,1,train,1178.7,884,5983
296,7,2,car,120.1,144,1782
297,7,3,flight,734.8,73,7184
298,7,4,flight,913.8,91,9286
299,7,5,flight,1574.4,157,14746
300,7,6,train,505.4,379,2628
301,7,8,train,517.8,388,4655
302,7,9,train,953.3,714,6713
303,7,10,train,1176.0,881,7363
304,7,11,flight,1051.4,105,10511
305,7,12,train,1205.1,903,6804
306,7,13,flight,1460.8,146,14432
307,7,14,flight,619.7,61,7145
308,7,15,train,510.9,383,3494
309,7,16,train,643.1,482,5135
310,7,17,flight,1732.0,173,15752
311,7,18,train,1437.6,1078,6967
312,7,19,train,1560.9,1170,8847
313,7,20,flight,847.1,84,7752
314,7,21,train,998.4,748,6025
315,7,22,train,1751.1,1313,7800
316,7,23,train,1334.6,1000,6868
317,7,24,flight,1360.3,136,12128
318,7,25,flight,1393.0,139,12323
319,7,26,flight,999.8,99,10248
320,7,27,flight,718.1,71,8477
321,7,28,train,1726.8,1295,7849
322,7,29,flight,685.2,68,7792
323,7,30,train,1394.1,1045,8381
324,7,31,cab,53.6,64,1107
325,7,32,car,68.2,81,1083
326,7,33,car,66.3,79,1150
327,7,34,flight,1529.0,152,12843
328,7,35,train,1775.8,1331,9275
329,7,36,train,1037.6,778,6875
330,7,37,flight,445.1,44,5505
331,7,38,flight,970.1,97,9866
332,7,39,train,1129.8,847,5878
333,7,40,train,449.3,336,4272
334,7,41,flight,426.6,42,4869
335,7,42,train,313.4,235,1970
336,7,43,flight,862.0,86,8340
337,7,44,flight,1269.5,126,12306
338,7,45,train,1560.9,1170,7533
339,7,46,flight,1726.8,172,16139
340,7,47,flight,426.6,42,5937
341,7,48,flight,1529.0,152,13318
342,7,49,train,1775.8,1331,7777
343,7,50,car,68.2,81,962
344,8,1,train,776.9,582,5926
345,8,2,flight,439.7,43,4311
346,8,3,train,1236.3,927,7596
347,8,4,flight,1370.9,137,12913
348,8,5,train,1617.8,1213,9387
349,8,6,train,878.9,659,5885
350,8,7,flight,517.8,51,6002
351,8,9,train,540.1,405,2950
352,8,10,flight,944.5,94,10226
353,8,11,train,715.7,536,5354
354,8,12,train,1084.7,813,7201
355,8,13,train,983.5,737,6244
356,8,14,flight,702.6,70,6356
357,8,15,train,338.2,253,2647
358,8,16,train,495.4,371,3016
359,8,17,flight,1248.1,124,10526
360,8,18,flight,1006.7,100,9847
361,8,19,train,1120.6,840,7239
362,8,20,flight,1362.7,136,12536
363,8,21,train,1514.4,1135,7933
364,8,22,flight,1640.3,164,14310
365,8,23,train,985.4,739,5531
366,8,24,train,967.5,725,6144
367,8,25,train,989.8,742,6089
368,8,26,flight,1513.6,151,14474
369,8,27,flight,1235.6,123,11527
370,8,28,train,1238.4,928,6584
371,8,29,car,175.2,210,2007
372,8,30,flight,962.5,96,9395
373,8,31,flight,482.7,48,6299
374,8,32,train,577.8,433,3797
375,8,33,flight,581.4,58,5300
376,8,34,flight,1089.2,108,9436
377,8,35,flight,1329.2,132,12222
378,8,36,flight,1555.4,155,14267
379,8,37,train,960.4,720,6503
380,8,38,train,1449.9,1087,8508
381,8,39,train,1647.5,1235,8361
382,8,40,flight,946.6,94,9971
383,8,41,car,101.1,121,1132
384,8,42,train,207.6,155,2810
385,8,43,train,360.3,270,2152
386,8,44,train,1401.3,1050,6858
387,8,45,flight,1120.6,112,11908
388,8,46,flight,1238.4,123,12378
389,8,47,cab,101.1,121,1287
390,8,48,train,1089.2,816,5357
391,8,49,train,1329.2,996,7390
392,8,50,flight,577.8,57,6382
393,9,1,flight,237.4,23,3522
394,9,2,flight,920.2,92,8882
395,9,3,train,1560.6,1170,7138
396,9,4,flight,1606.1,160,14960
397,9,5,flight,1356.9,135,12003
398,9,6,flight,1094.5,109,10841
399,9,7,train,953.3,714,5639
400,9,8,flight,540.1,54,6303
401,9,10,train,511.4,383,4262
402,9,11,train,221.8,166,1536
403,9,12,train,738.5,553,5518
404,9,13,train,532.1,399,2647
405,9,14,train,723.0,542,5792
406,9,15,train,466.0,349,2728
407,9,16,train,437.6,328,3728
408,9,17,flight,802.5,80,8971
409,9,18,flight,484.9,48,5958
410,9,19,flight,607.7,60,6514
411,9,20,flight,1725.7,172,15553
412,9,21,train,1874.4,1405,9919
413,9,22,train,1235.1,926,7548
414,9,23,train,452.7,339,4595
415,9,24,train,427.9,320,4127
416,9,25,train,452.5,339,4570
417,9,26,train,1861.5,1396,9090
418,9,27,train,1619.6,1214,7954
419,9,28,flight,804.8,80,8254
420,9,29,train,401.4,301,3591
421,9,30,train,441.2,330,4517
422,9,31,flight,939.1,93,9710
423,9,32,flight,1021.4,102,9133
424,9,33,train,1018.9,764,6929
425,9,34,train,575.7,431,3724
426,9,35,flight,822.6,82,8260
427,9,36,flight,1936.0,193,16792
428,9,37,flight,1383.3,138,12710
429,9,38,flight,1715.8,171,14909
430,9,39,train,2021.9,1516,10103
431,9,40,train,1288.4,966,7009
432,9,41,flight,575.5,57,7088
433,9,42,train,705.0,528,5153
434,9,43,train,284.6,213,1693
435,9,44,flight,1258.1,125,11702
436,9,45,flight,607.7,60,6222
437,9,46,flight,804.8,80,8206
438,9,47,flight,575.5,57,6440
439,9,48,flight,575.7,57,6864
440,9,49,train,822.6,616,4991
441,9,50,flight,1021.4,102,10690
442,10,1,flight,430.6,43,4146
443,10,2,train,1193.9,895,6938
444,10,3,flight,1580.9,158,13814
445,10,4,flight,1531.1,153,15129
446,10,5,flight,886.4,88,9000
447,10,6,train,1081.4,811,6400
448,10,7,train,1176.0,881,7337
449,10,8,flight,944.5,94,8790
450,10,9,train,511.4,383,3840
451,10,11,train,293.2,219,2750
452,10,12,flight,264.2,26,4711
453,10,13,flight,793.4,79,9049
454,10,14,train,661.0,495,4201
455,10,15,train,688.2,516,5701
456,10,16,train,534.2,400,3254
457,10,17,train,996.3,747,5867
458,10,18,train,598.6,448,5234
459,10,19,flight,701.0,70,6759
460,10,20,train,1772.4,1329,8019
461,10,21,train,1906.4,1429,10228
462,10,22,flight,725.0,72,7869
463,10,23,flight,318.4,31,4813
464,10,24,flight,445.1,44,4290
465,10,25,flight,489.9,48,6832
466,10,26,flight,1880.9,188,16208
467,10,27,flight,1699.1,169,15650
468,10,28,train,1017.6,763,5751
469,10,29,train,861.3,646,4681
470,10,30,flight,580.1,58,6902
471,10,31,flight,1184.9,118,10011
472,10,32,flight,1239.8,123,11517
473,10,33,flight,1231.5,123,11633
474,10,34,train,679.4,509,5306
475,10,35,flight,873.4,87,8304
476,10,36,flight,1987.7,198,17899
477,10,37,flight,1530.3,153,12993
478,10,38,flight,1660.6,166,14517
479,10,39,flight,2061.0,206,18668
480,10,40,train,1360.8,1020,7315
481,10,41,train,932.5,699,4364
482,10,42,train,1037.0,777,5823
483,10,43,train,790.3,592,5744
484,10,44,train,881.1,660,5617
485,10,45,flight,701.0,70,6260
486,10,46,flight,1017.6,101,9343
487,10,47,flight,932.5,93,8731
488,10,48,train,679.4,509,3332
489,10,49,train,873.4,655,5676
490,10,50,train,1239.8,929,6954
491,11,1,cab,191.6,229,2163
492,11,2,flight,1041.4,104,9997
493,11,3,train,1579.1,1184,7725
494,11,4,flight,1583.8,158,15179
495,11,5,flight,1162.0,116,11651
496,11,6,train,1089.2,816,5402
497,11,7,flight,1051.4,105,10583
498,11,8,train,715.7,536,4213
499,11,9,flight,221.8,22,3613
500,11,10,flight,293.2,29,4887
501,11,12,train,536.3,402,4688
502,11,13,flight,580.9,58,6542
503,11,14,train,679.1,509,5686
504,11,15,train,540.6,405,3703
505,11,16,flight,439.4,43,5765
506,11,17,train,826.5,619,4538
507,11,18,flight,444.0,44,5657
508,11,19,flight,568.5,56,5836
509,11,20,flight,1757.8,175,16962
510,11,21,train,1901.6,1426,9021
511,11,22,train,1014.2,760,5861
512,11,23,train,283.9,212,2147
513,11,24,flight,324.4,32,5475
514,11,25,flight,364.9,36,4171
515,11,26,flight,1883.1,188,15806
516,11,27,flight,1664.9,166,16109
517,11,28,flight,839.0,83,7737
518,11,29,flight,602.2,60,7415
519,11,30,train,408.7,306,4155
520,11,31,train,1047.7,785,6087
521,11,32,train,1119.1,839,6660
522,11,33,flight,1113.9,111,9794
523,11,34,train,539.2,404,3070
524,11,35,flight,776.3,77,7460
525,11,36,train,1972.3,1479,9167
526,11,37,flight,1455.2,145,13165
527,11,38,train,1703.4,1277,9557
528,11,39,train,2053.5,1540,10615
529,11,40,train,1325.6,994,6689
530,11,41,train,727.9,545,4805
531,11,42,train,848.9,636,4961
532,11,43,train,505.6,379,3001
533,11,44,flight,1102.5,110,9780
534,11,45,train,568.5,426,2928
535,11,46,flight,839.0,83,7269
536,11,47,flight,727.9,72,8446
537,11,48,flight,539.2,53,5569
538,11,49,train,776.3,582,5526
539,11,50,flight,1119.1,111,10590
540,12,1,train,692.3,519,4295
541,12,2,flight,1248.3,124,12106
542,12,3,flight,1483.1,148,14350
543,12,4,flight,1388.7,138,12166
544,12,5,flight,626.6,62,7381
545,12,6,train,996.1,747,6857
546,12,7,train,1205.1,903,7278
547,12,8,train,1084.7,813,5138
548,12,9,train,738.5,553,3575
549,12,10,train,264.2,198,3147
550,12,11,flight,536.3,53,7201
551,12,13,flight,1057.1,105,10439
552,12,14,flight,610.1,61,6998
553,12,15,train,777.7,583,5613
554,12,16,train,607.9,455,5073
555,12,17,train,1252.7,939,6975
556,12,18,flight,857.7,85,7992
557,12,19,flight,953.4,95,8331
558,12,20,train,1680.9,1260,7498
559,12,21,train,1803.7,1352,8758
560,12,22,flight,560.9,56,5808
561,12,23,flight,570.6,57,6095
562,12,24,flight,703.6,70,6982
563,12,25,train,747.3,560,4747
564,12,26,flight,1772.6,177,16976
565,12,27,train,1626.5,1219,8310
566,12,28,flight,1275.7,127,12795
567,12,29,train,1036.8,777,6500
568,12,30,train,841.8,631,4723
569,12,31,flight,1225.4,122,10565
570,12,32,train,1262.2,946,6185
571,12,33,flight,1251.4,125,12149
572,12,34,train,934.1,700,4590
573,12,35,flight,1110.9,111,11545
574,12,36,flight,1892.4,189,17131
575,12,37,train,1499.3,1124,8117
576,12,38,train,1523.1,1142,8031
577,12,39,flight,1957.8,195,16285
578,12,40,flight,1299.9,129,11187
579,12,41,flight,1049.9,104,10501
580,12,42,train,1133.0,849,5489
581,12,43,flight,1000.6,100,9842
582,12,44,train,629.7,472,4502
583,12,45,train,953.4,715,6810
584,12,46,flight,1275.7,127,11410
585,12,47,train,1049.9,787,5344
586,12,48,train,934.1,700,5125
587,12,49,train,1110.9,833,4969
588,12,50,flight,1262.2,126,10684
589,13,1,train,389.7,292,3711
590,13,2,flight,1409.7,140,11903
591,13,3,flight,2092.4,209,17667
592,13,4,train,2133.9,1600,9281
593,13,5,flight,1669.4,166,14525
594,13,6,flight,1624.7,162,15956
595,13,7,train,1460.8,1095,6576
596,13,8,flight,983.5,98,9689
597,13,9,flight,532.1,53,5084
598,13,10,train,793.4,595,5359
599,13,11,flight,580.9,58,5604
600,13,12,train,1057.1,792,5203
601,13,14,flight,1238.4,123,10953
602,13,15,flight,995.4,99,10948
603,13,16,train,963.6,722,5859
604,13,17,flight,272.3,27,2840
605,13,18,flight,226.1,22,2552
606,13,19,train,228.7,171,2087
607,13,20,flight,2255.6,225,19979
608,13,21,train,2404.9,1803,10136
609,13,22,flight,1392.9,139,11915
610,13,23,flight,504.4,50,5256
611,13,24,train,366.7,274,2856
612,13,25,train,330.9,248,4057
613,13,26,train,2392.8,1794,11701
614,13,27,train,2146.5,1609,9779
615,13,28,flight,272.7,27,3904
616,13,29,flight,810.4,81,8347
617,13,30,train,223.5,167,2176
618,13,31,flight,1439.2,143,14122
619,13,32,train,1527.7,1145,9075
620,13,33,train,1527.1,1145,8103
621,13,34,flight,213.9,21,2524
622,13,35,flight,376.8,37,4119
623,13,36,flight,2464.5,246,20772
624,13,37,train,1900.4,1425,9117
625,13,38,flight,2246.0,224,20792
626,13,39,flight,2551.3,255,22054
627,13,40,flight,1818.4,181,16505
628,13,41,flight,1049.8,104,10693
629,13,42,flight,1180.3,118,10997
630,13,43,flight,625.9,62,6994
631,13,44,train,1666.5,1249,8223
632,13,45,flight,228.7,22,4300
633,13,46,train,272.7,204,2661
634,13,47,train,1049.8,787,6924
635,13,48,train,213.9,160,2348
636,13,49,train,376.8,282,2971
637,13,50,flight,1527.7,152,14778
638,14,1,train,863.4,647,6443
639,14,2,train,687.6,515,5357
640,14,3,flight,922.1,92,9447
641,14,4,flight,904.8,90,8690
642,14,5,train,969.5,727,5020
643,14,6,train,422.7,316,4157
644,14,7,flight,619.7,61,6387
645,14,8,flight,702.6,70,6430
646,14,9,train,723.0,542,4387
647,14,10,train,661.0,495,4083
648,14,11,train,679.1,509,3618
649,14,12,train,610.1,457,5366
650,14,13,flight,1238.4,123,11873
651,14,15,train,376.1,282,3599
652,14,16,train,291.4,218,3024
653,14,17,flight,1498.1,149,13282
654,14,18,train,1123.0,842,6893
655,14,19,train,1247.4,935,5937
656,14,20,flight,1111.9,111,9563
657,14,21,train,1247.8,935,6663
658,14,22,train,1137.2,852,7024
659,14,23,flight,917.1,91,8421
660,14,24,flight,997.0,99,10880
661,14,25,flight,1040.0,104,10883
662,14,26,train,1224.1,918,7345
663,14,27,flight,1039.1,103,11097
664,14,28,flight,1506.8,150,14330
665,14,29,train,756.8,567,5532
666,14,30,flight,1087.0,108,9846
667,14,31,flight,650.2,65,7457
668,14,32,train,669.4,502,3713
669,14,33,flight,657.1,65,6015
670,14,34,flight,1218.2,121,12323
671,14,35,train,1453.0,1089,7415
672,14,36,train,1327.3,995,6881
673,14,37,train,890.4,667,5992
674,14,38,flight,1025.7,102,8772
675,14,39,train,1402.0,1051,8165
676,14,40,train,702.7,527,4511
677,14,41,flight,623.2,62,7792
678,14,42,train,648.4,486,3622
679,14,43,flight,837.0,83,7286
680,14,44,train,706.4,529,5078
681,14,45,flight,1247.4,124,11780
682,14,46,train,1506.8,1130,6589
683,14,47,flight,623.2,62,5760
684,14,48,train,1218.2,913,5534
685,14,49,flight,1453.0,145,13268
686,14,50,train,669.4,502,5395
687,15,1,flight,676.6,67,6615
688,15,2,flight,509.5,50,4660
689,15,3,flight,1098.7,109,10741
690,15,4,flight,1167.9,116,10626
691,15,5,flight,1282.3,128,12367
692,15,6,flight,653.2,65,7044
693,15,7,train,510.9,383,4465
694,15,8,flight,338.2,33,4192
695,15,9,flight,466.0,46,6086
696,15,10,flight,688.2,68,7041
697,15,11,flight,540.6,54,4969
698,15,12,flight,777.7,77,7905
699,15,13,train,995.4,746,6238
700,15,14,flight,376.1,37,4569
701,15,16,cab,170.0,204,1953
702,15,17,flight,1267.1,126,11612
703,15,18,flight,940.9,94,9938
704,15,19,train,1066.4,799,5745
705,15,20,train,1260.3,945,6455
706,15,21,train,1409.5,1057,6264
707,15,22,flight,1338.6,133,11409
708,15,23,train,823.7,617,4980
709,15,24,flight,853.0,85,7983
710,15,25,flight,887.6,88,8583
711,15,26,flight,1397.8,139,12423
712,15,27,train,1153.7,865,5234
713,15,28,train,1267.6,950,6869
714,15,29,flight,381.9,38,4297
715,15,30,train,898.5,673,4589
716,15,31,flight,509.2,50,6902
717,15,32,flight,578.6,57,7141
718,15,33,train,573.4,430,4293
719,15,34,flight,1034.7,103,10584
720,15,35,train,1281.5,961,7937
721,15,36,flight,1470.1,147,14722
722,15,37,flight,923.2,92,8049
723,15,38,train,1268.6,951,5727
724,15,39,flight,1556.3,155,14412
725,15,40,flight,823.0,82,7244
726,15,41,flight,278.6,27,4455
727,15,42,flight,356.3,35,5013
728,15,43,train,484.8,363,4144
729,15,44,flight,1064.8,106,10038
730,15,45,flight,1066.4,106,10308
731,15,46,train,1267.6,950,6985
732,15,47,flight,278.6,27,3165
733,15,48,flight,1034.7,103,11199
734,15,49,train,1281.5,961,6062
735,15,50,train,578.6,433,3791
736,16,1,flight,605.8,60,7503
737,16,2,train,660.9,495,5143
738,16,3,train,1143.4,857,5974
739,16,4,flight,1170.4,117,11066
740,16,5,train,1123.2,842,6823
741,16,6,train,662.4,496,5464
742,16,7,flight,643.1,64,7614
743,16,8,train,495.4,371,2896
744,16,9,train,437.6,328,4210
745,16,10,train,534.2,400,4268
746,16,11,train,439.4,329,3883
747,16,12,train,607.9,455,3305
748,16,13,train,963.6,722,5670
749,16,14,flight,291.4,29,4317
750,16,15,car,170.0,204,2216
751,16,17,flight,1229.4,122,10560
752,16,18,train,872.1,654,6003
753,16,19,flight,998.5,99,9817
754,16,20,train,1319.4,989,7999
755,16,21,flight,1464.2,146,14247
756,16,22,flight,1168.7,116,11703
757,16,23,flight,711.1,71,7129
758,16,24,train,763.4,572,4302
759,16,25,train,802.7,602,6141
760,16,26,train,1447.1,1085,8237
761,16,27,train,1225.5,919,5589
762,16,28,train,1235.1,926,5910
763,16,29,train,499.9,374,3894
764,16,30,flight,832.6,83,7403
765,16,31,flight,650.8,65,7663
766,16,32,flight,708.0,70,6723
767,16,33,flight,700.4,70,6479
768,16,34,flight,967.8,96,10348
769,16,35,train,1210.6,907,5420
770,16,36,train,1533.5,1150,7601
771,16,37,flight,1021.9,102,8790
772,16,38,flight,1283.0,128,12552
773,16,39,train,1615.4,1211,8832
774,16,40,flight,886.3,88,9673
775,16,41,train,446.2,334,4584
776,16,42,flight,525.4,52,5397
777,16,43,train,552.8,414,3329
778,16,44,train,928.2,696,5916
779,16,45,train,998.5,748,4731
780,16,46,flight,1235.1,123,12087
781,16,47,train,446.2,334,4391
782,16,48,flight,967.8,96,8407
783,16,49,train,1210.6,907,5655
784,16,50,train,708.0,531,3748
785,17,1,train,636.5,477,5400
786,17,2,flight,1678.5,167,15737
787,17,3,train,2363.0,1772,12001
788,17,4,flight,2398.2,239,21837
789,17,5,train,1839.7,1379,8111
790,17,6,flight,1891.6,189,17992
791,17,7,train,1732.0,1298,7728
792,17,8,flight,1248.1,124,11157
793,17,9,train,802.5,601,5247
794,17,10,flight,996.3,99,9853
795,17,11,train,826.5,619,6191
796,17,12,train,1252.7,939,7055
797,17,13,train,272.3,204,2027
798,17,14,flight,1498.1,149,14752
799,17,15,train,1267.1,950,6505
800,17,16,flight,1229.4,122,11860
801,17,18,flight,398.8,39,4840
802,17,19,train,302.2,226,1849
803,17,20,flight,2527.4,252,22504
804,17,21,flight,2676.5,267,22508
805,17,22,train,1505.8,1129,8177
806,17,23,train,682.1,511,4229
807,17,24,flight,551.3,55,6695
808,17,25,flight,506.4,50,4699
809,17,26,train,2664.0,1997,12510
810,17,27,flight,2418.7,241,20103
811,17,28,cab,38.4,46,731
812,17,29,train,1073.7,805,6322
813,17,30,train,424.0,317,3340
814,17,31,train,1709.5,1282,7426
815,17,32,train,1798.6,1348,8044
816,17,33,flight,1798.3,179,17337
817,17,34,train,318.8,239,3066
818,17,35,train,255.8,191,2151
819,17,36,flight,2736.6,273,24597
820,17,37,train,2172.4,1629,10935
821,17,38,train,2512.3,1884,11507
822,17,39,train,2823.3,2117,12891
823,17,40,train,2090.1,1567,10732
824,17,41,train,1318.1,988,7507
825,17,42,flight,1447.9,144,14085
826,17,43,flight,888.2,88,9533
827,17,44,train,1877.4,1408,8799
828,17,45,train,302.2,226,2776
829,17,46,cab,38.4,46,780
830,17,47,flight,1318.1,131,13118
831,17,48,train,318.8,239,3483
832,17,49,flight,255.8,25,4799
833,17,50,flight,1798.6,179,15829
834,18,1,train,266.9,200,1948
835,18,2,flight,1404.5,140,13248
836,18,3,train,2015.5,1511,10694
837,18,4,flight,2027.6,202,18523
838,18,5,flight,1457.9,145,13770
839,18,6,flight,1530.4,153,13026
840,18,7,train,1437.6,1078,8303
841,18,8,train,1006.7,755,4572
842,18,9,train,484.9,363,3000
843,18,10,train,598.6,448,4919
844,18,11,train,444.0,332,3018
845,18,12,train,857.7,643,5321
846,18,13,train,226.1,169,3439
847,18,14,train,1123.0,842,7051
848,18,15,train,940.9,705,4287
849,18,16,train,872.1,654,4767
850,18,17,flight,398.8,39,4352
851,18,19,cab,126.5,151,1770
852,18,20,flight,2189.5,218,18812
853,18,21,train,2335.5,1751,11747
854,18,22,flight,1167.3,116,9959
855,18,23,flight,290.1,29,4343
856,18,24,cab,154.1,184,1970
857,18,25,car,111.4,133,1267
858,18,26,flight,2319.0,231,21381
859,18,27,train,2090.2,1567,9225
860,18,28,flight,419.1,41,5107
861,18,29,train,845.7,634,4281
862,18,30,car,44.3,53,1014
863,18,31,train,1424.0,1068,8663
864,18,32,train,1505.8,1129,8516
865,18,33,flight,1503.0,150,14948
866,18,34,car,95.8,114,1423
867,18,35,flight,340.8,34,3405
868,18,36,flight,2402.6,240,22200
869,18,37,train,1863.6,1397,9071
870,18,38,flight,2146.6,214,18711
871,18,39,train,2485.9,1864,12885
872,18,40,train,1753.9,1315,8406
873,18,41,flight,1054.6,105,10048
874,18,42,train,1185.6,889,5893
875,18,43,train,675.1,506,3353
876,18,44,flight,1479.5,147,13891
877,18,45,car,126.5,151,1389
878,18,46,train,419.1,314,3379
879,18,47,train,1054.6,790,6689
880,18,48,cab,95.8,114,1421
881,18,49,train,340.8,255,2377
882,18,50,train,1505.8,1129,7340
883,19,1,train,393.4,295,3617
884,19,2,flight,1525.1,152,14963
885,19,3,flight,2142.0,214,19935
886,19,4,train,2152.2,1614,10366
887,19,5,flight,1537.6,153,13368
888,19,6,train,1656.2,1242,9589
889,19,7,train,1560.9,1170,8030
890,19,8,train,1120.6,840,5413
891,19,9,train,607.7,455,3396
892,19,10,train,701.0,525,3348
893,19,11,train,568.5,426,3292
894,19,12,train,953.4,715,5754
895,19,13,train,228.7,171,2336
896,19,14,train,1247.4,935,7474
897,19,15,flight,1066.4,106,10058
898,19,16,flight,998.5,99,9934
899,19,17,flight,302.2,30,4090
900,19,18,car,126.5,151,1584
901,19,20,flight,2316.0,231,20852
902,19,21,flight,2462.0,246,21907
903,19,22,train,1215.0,911,5472
904,19,23,flight,383.5,38,6012
905,19,24,flight,260.6,26,4204
906,19,25,train,215.0,161,1951
907,19,26,train,2445.5,1834,11490
908,19,27,train,2216.5,1662,11428
909,19,28,train,329.7,247,3157
910,19,29,train,955.8,716,4851
911,19,30,cab,167.9,201,1853
912,19,31,train,1546.3,1159,7764
913,19,32,train,1629.0,1221,7865
914,19,33,train,1626.5,1219,8962
915,19,34,car,32.0,38,652
916,19,35,flight,215.2,21,3895
917,19,36,flight,2529.1,252,21886
918,19,37,flight,1988.7,198,16578
919,19,38,train,2271.8,1703,9884
920,19,39,flight,2612.4,261,23878
921,19,40,flight,1880.4,188,16611
922,19,41,train,1172.7,879,7558
923,19,42,flight,1303.9,130,13185
924,19,43,flight,779.7,77,8937
925,19,44,train,1580.5,1185,8842
926,19,45,cab,0.0,30,162
927,19,46,train,329.7,247,2402
928,19,47,train,1172.7,879,5536
929,19,48,car,32.0,38,470
930,19,49,flight,215.2,21,3605
931,19,50,train,1629.0,1221,7647
932,20,1,flight,1922.7,192,16022
933,20,2,flight,945.3,94,8512
934,20,3,cab,199.5,239,2578
935,20,4,flight,430.7,43,5522
936,20,5,train,1752.4,1314,7831
937,20,6,train,691.8,518,4714
938,20,7,flight,847.1,84,8921
939,20,8,train,1362.7,1022,8358
940,20,9,train,1725.7,1294,8877
941,20,10,train,1772.4,1329,8332
942,20,11,train,1757.8,1318,8720
943,20,12,train,1680.9,1260,7410
944,20,13,flight,2255.6,225,20506
945,20,14,flight,1111.9,111,11726
946,20,15,flight,1260.3,126,10988
947,20,16,train,1319.4,989,6769
948,20,17,flight,2527.4,252,21071
949,20,18,train,2189.5,1642,10494
950,20,19,train,2316.0,1737,11846
951,20,21,cab,151.8,182,2002
952,20,22,train,2115.9,1586,10184
953,20,23,flight,2019.0,201,17897
954,20,24,flight,2082.2,208,18286
955,20,25,train,2122.0,1591,10637
956,20,26,car,156.1,187,2072
957,20,27,cab,141.5,169,1776
958,20,28,flight,2527.5,252,23042
959,20,29,flight,1524.4,152,15062
960,20,30,flight,2148.9,214,19467
961,20,31,flight,888.9,88,8749
962,20,32,train,793.7,595,5475
963,20,33,flight,787.2,78,7885
964,20,34,train,2284.9,1713,9689
965,20,35,train,2529.3,1896,12442
966,20,36,train,215.6,161,2887
967,20,37,flight,432.7,43,4655
968,20,38,flight,344.0,34,4048
969,20,39,train,296.5,222,3762
970,20,40,flight,437.3,43,4402
971,20,41,train,1267.5,950,7445
972,20,42,flight,1160.4,116,11893
973,20,43,flight,1692.5,169,15887
974,20,44,train,1387.7,1040,6200
975,20,45,flight,2316.0,231,19606
976,20,46,flight,2527.5,252,20729
977,20,47,flight,1267.5,126,12596
978,20,48,flight,2284.9,228,20320
979,20,49,flight,2529.3,252,21957
980,20,50,train,793.7,595,4838
981,21,1,flight,2068.7,206,19207
982,21,2,flight,1095.2,109,10475
983,21,3,train,325.7,244,2774
984,21,4,flight,482.6,48,4901
985,21,5,flight,1835.9,183,16076
986,21,6,train,825.4,619,3994
987,21,7,flight,998.4,99,8613
988,21,8,train,1514.4,1135,8574
989,21,9,train,1874.4,1405,10083
990,21,10,train,1906.4,1429,8310
991,21,11,flight,1901.6,190,15803
992,21,12,train,1803.7,1352,8838
993,21,13,train,2404.9,1803,12248
994,21,14,train,1247.8,935,7800
995,21,15,flight,1409.5,140,13514
996,21,16,flight,1464.2,146,14607
997,21,17,train,2676.5,2007,12757
998,21,18,flight,2335.5,233,21657
999,21,19,flight,2462.0,246,21807
1000,21,20,car,151.8,182,2057
1001,21,22,train,2219.4,1664,9861
1002,21,23,train,2159.5,1619,10376
1003,21,24,flight,2225.9,222,20752
1004,21,25,train,2266.2,1699,11593
1005,21,26,cab,49.9,59,727
1006,21,27,train,284.8,213,1709
1007,21,28,flight,2677.1,267,23197
1008,21,29,train,1676.2,1257,9647
1009,21,30,train,2295.3,1721,10472
1010,21,31,flight,1039.5,103,9403
1011,21,32,flight,944.2,94,8535
1012,21,33,flight,937.9,93,9458
1013,21,34,flight,2431.1,243,22092
1014,21,35,flight,2674.7,267,22559
1015,21,36,car,102.6,123,1545
1016,21,37,train,577.1,432,4640
1017,21,38,train,363.8,272,2491
1018,21,39,car,154.7,185,2044
1019,21,40,flight,586.7,58,5536
1020,21,41,flight,1419.3,141,13231
1021,21,42,flight,1311.7,131,12087
1022,21,43,train,1844.2,1383,9948
1023,21,44,train,1472.2,1104,6788
1024,21,45,flight,2462.0,246,22155
1025,21,46,flight,2677.1,267,23277
1026,21,47,train,1419.3,1064,6625
1027,21,48,flight,2431.1,243,21020
1028,21,49,train,2674.7,2006,13391
1029,21,50,flight,944.2,94,10388
1030,22,1,train,1111.4,833,6568
1031,22,2,train,1802.4,1351,8119
1032,22,3,flight,1916.9,191,16340
1033,22,4,flight,1759.3,175,16426
1034,22,5,flight,496.1,49,4821
1035,22,6,flight,1468.9,146,14699
1036,22,7,train,1751.1,1313,8175
1037,22,8,train,1640.3,1230,7565
1038,22,9,train,1235.1,926,5870
1039,22,10,flight,725.0,72,7269
1040,22,11,flight,1014.2,101,10265
1041,22,12,train,560.9,420,4210
1042,22,13,train,1392.9,1044,7273
1043,22,14,flight,1137.2,113,11270
1044,22,15,flight,1338.6,133,11901
1045,22,16,flight,1168.7,116,10437
1046,22,17,train,1505.8,1129,8217
1047,22,18,flight,1167.3,116,10530
1048,22,19,train,1215.0,911,7294
1049,22,20,train,2115.9,1586,10351
1050,22,21,flight,2219.4,221,19664
1051,22,23,flight,901.1,90,8091
1052,22,24,flight,1032.3,103,10268
1053,22,25,flight,1063.2,106,9948
1054,22,26,flight,2181.4,218,20021
1055,22,27,train,2086.3,1564,10536
1056,22,28,flight,1538.2,153,14125
1057,22,29,flight,1578.0,157,14865
1058,22,30,flight,1171.8,117,10714
1059,22,31,flight,1775.4,177,14800
1060,22,32,flight,1804.5,180,17262
1061,22,33,flight,1792.8,179,17330
1062,22,34,train,1209.4,907,5939
1063,22,35,flight,1291.0,129,12366
1064,22,36,flight,2316.1,231,19211
1065,22,37,train,2003.2,1502,8805
1066,22,38,flight,1895.1,189,16966
1067,22,39,flight,2368.4,236,20487
1068,22,40,flight,1782.7,178,17048
1069,22,41,flight,1609.7,160,14152
1070,22,42,train,1693.9,1270,9516
1071,22,43,train,1515.3,1136,7575
1072,22,44,flight,788.9,78,7782
1073,22,45,flight,1215.0,121,11711
1074,22,46,flight,1538.2,153,12934
1075,22,47,train,1609.7,1207,8256
1076,22,48,flight,1209.4,120,11209
1077,22,49,train,1291.0,968,7335
1078,22,50,flight,1804.5,180,17025
1079,23,1,flight,240.9,24,2575
1080,23,2,flight,1325.2,132,11205
1081,23,3,train,1834.8,1376,8429
1082,23,4,flight,1814.3,181,15305
1083,23,5,train,1168.1,876,5172
1084,23,6,train,1337.9,1003,6883
1085,23,7,train,1334.6,1000,7548
1086,23,8,train,985.4,739,6896
1087,23,9,train,452.7,339,2677
1088,23,10,train,318.4,238,3349
1089,23,11,train,283.9,212,3662
1090,23,12,flight,570.6,57,7532
1091,23,13,flight,504.4,50,5001
1092,23,14,flight,917.1,91,7999
1093,23,15,flight,823.7,82,7337
1094,23,16,train,711.1,533,3961
1095,23,17,train,682.1,511,4207
1096,23,18,flight,290.1,29,4335
1097,23,19,flight,383.5,38,3802
1098,23,20,train,2019.0,1514,10219
1099,23,21,flight,2159.5,215,19347
1100,23,22,train,901.1,675,4698
1101,23,24,cab,138.1,165,1888
1102,23,25,car,178.7,214,2287
1103,23,26,flight,2138.2,213,19820
1104,23,27,train,1932.2,1449,10432
1105,23,28,flight,705.6,70,7430
1106,23,29,flight,854.1,85,7837
1107,23,30,flight,281.3,28,4953
1108,23,31,train,1331.5,998,8161
1109,23,32,flight,1402.1,140,12586
1110,23,33,train,1396.6,1047,7461
1111,23,34,train,363.6,272,3945
1112,23,35,flight,557.9,55,5247
1113,23,36,flight,2234.3,223,19970
1114,23,37,flight,1732.5,173,16699
1115,23,38,train,1939.5,1454,8696
1116,23,39,flight,2312.8,231,19361
1117,23,40,flight,1591.9,159,13612
1118,23,41,flight,1006.2,100,9049
1119,23,42,flight,1129.7,112,11040
1120,23,43,train,722.4,541,5145
1121,23,44,flight,1197.0,119,10595
1122,23,45,flight,383.5,38,3907
1123,23,46,flight,705.6,70,8596
1124,23,47,flight,1006.2,100,11002
1125,23,48,train,363.6,272,2748
1126,23,49,train,557.9,418,3035
1127,23,50,flight,1402.1,140,13678
1128,24,1,cab,190.6,228,2199
1129,24,2,train,1338.8,1004,7354
1130,24,3,train,1903.2,1427,9521
1131,24,4,flight,1900.8,190,17389
1132,24,5,flight,1305.9,130,11350
1133,24,6,train,1411.7,1058,8303
1134,24,7,flight,1360.3,136,13503
1135,24,8,train,967.5,725,5232
1136,24,9,train,427.9,320,2509
1137,24,10,flight,445.1,44,5427
1138,24,11,train,324.4,243,2500
1139,24,12,train,703.6,527,5432
1140,24,13,flight,366.7,36,3714
1141,24,14,train,997.0,747,4538
1142,24,15,flight,853.0,85,8624
1143,24,16,flight,763.4,76,8798
1144,24,17,flight,551.3,55,5805
1145,24,18,cab,154.1,184,1853
1146,24,19,train,260.6,195,1746
1147,24,20,flight,2082.2,208,17531
1148,24,21,train,2225.9,1669,11474
1149,24,22,flight,1032.3,103,9142
1150,24,23,cab,138.1,165,1835
1151,24,25,car,45.7,54,634
1152,24,26,flight,2207.2,220,19172
1153,24,27,train,1988.6,1491,10127
1154,24,28,flight,572.7,57,5560
1155,24,29,flight,820.3,82,7787
1156,24,30,car,143.3,171,1675
1157,24,31,flight,1351.9,135,12219
1158,24,32,train,1428.5,1071,7921
1159,24,33,flight,1424.4,142,14300
1160,24,34,flight,236.3,23,4398
1161,24,35,flight,456.4,45,5589
1162,24,36,flight,2296.7,229,20016
1163,24,37,flight,1774.2,177,15401
1164,24,38,flight,2022.6,202,17565
1165,24,39,train,2377.8,1783,10421
1166,24,40,flight,1649.7,164,15425
1167,24,41,flight,1001.9,100,9871
1168,24,42,train,1130.2,847,5874
1169,24,43,flight,668.2,66,7375
1170,24,44,train,1326.2,994,7311
1171,24,45,flight,260.6,26,4196
1172,24,46,train,572.7,429,4141
1173,24,47,flight,1001.9,100,8589
1174,24,48,flight,236.3,23,2679
1175,24,49,train,456.4,342,3941
1176,24,50,train,1428.5,1071,8271
1177,25,1,train,216.2,162,3570
1178,25,2,train,1368.5,1026,8444
1179,25,3,flight,1944.0,194,17505
1180,25,4,flight,1944.2,194,16346
1181,25,5,train,1346.5,1009,7548
1182,25,6,flight,1453.6,145,14081
1183,25,7,train,1393.0,1044,7334
1184,25,8,train,989.8,742,5937
1185,25,9,flight,452.5,45,4933
1186,25,10,train,489.9,367,2586
1187,25,11,train,364.9,273,3106
1188,25,12,flight,747.3,74,8077
1189,25,13,train,330.9,248,1853
1190,25,14,flight,1040.0,104,9644
1191,25,15,flight,887.6,88,9195
1192,25,16,train,802.7,602,4743
1193,25,17,train,506.4,379,4763
1194,25,18,cab,111.4,133,1541
1195,25,19,flight,215.0,21,3834
1196,25,20,train,2122.0,1591,9252
1197,25,21,train,2266.2,1699,10902
1198,25,22,train,1063.2,797,6479
1199,25,23,cab,178.7,214,2077
1200,25,24,cab,45.7,54,1022
1201,25,26,flight,2247.9,224,20038
1202,25,27,flight,2027.2,202,17945
1203,25,28,train,528.5,396,3109
1204,25,29,flight,838.4,83,8248
1205,25,30,car,108.6,130,1331
1206,25,31,train,1383.3,1037,7996
1207,25,32,train,1461.2,1095,6641
1208,25,33,train,1457.4,1093,7383
1209,25,34,cab,190.6,228,2064
1210,25,35,flight,412.9,41,5068
1211,25,36,flight,2336.2,233,20004
1212,25,37,flight,1810.0,181,16376
1213,25,38,flight,2065.6,206,18375
1214,25,39,flight,2417.9,241,20536
1215,25,40,train,1688.7,1266,7526
1216,25,41,flight,1027.9,102,11161
1217,25,42,flight,1157.1,115,11080
1218,25,43,train,680.4,510,5700
1219,25,44,train,1370.9,1028,7677
1220,25,45,flight,215.0,21,4486
1221,25,46,flight,528.5,52,5672
1222,25,47,flight,1027.9,102,9357
1223,25,48,car,190.6,228,2091
1224,25,49,flight,412.9,41,4660
1225,25,50,flight,1461.2,146,12909
1226,26,1,flight,2052.4,205,19131
1227,26,2,train,1099.9,824,6374
1228,26,3,flight,304.0,30,4883
1229,26,4,train,437.6,328,4019
1230,26,5,flight,1793.2,179,16985
1231,26,6,flight,801.4,80,8665
1232,26,7,train,999.8,749,5602
1233,26,8,flight,1513.6,151,14079
1234,26,9,train,1861.5,1396,9057
1235,26,10,train,1880.9,1410,9153
1236,26,11,train,1883.1,1412,9680
1237,26,12,flight,1772.6,177,15045
1238,26,13,flight,2392.8,239,21771
1239,26,14,train,1224.1,918,7024
1240,26,15,flight,1397.8,139,13909
1241,26,16,flight,1447.1,144,14289
1242,26,17,flight,2664.0,266,22376
1243,26,18,flight,2319.0,231,20237
1244,26,19,train,2445.5,1834,12410
1245,26,20,cab,156.1,187,1790
1246,26,21,car,49.9,59,781
1247,26,22,flight,2181.4,218,19109
1248,26,23,train,2138.2,1603,10470
1249,26,24,train,2207.2,1655,9899
1250,26,25,flight,2247.9,224,19063
1251,26,27,train,296.7,222,1836
1252,26,28,train,2665.3,1998,12942
1253,26,29,flight,1673.2,167,15557
1254,26,30,train,2279.2,1709,11470
1255,26,31,flight,1042.6,104,10564
1256,26,32,train,947.8,710,4459
1257,26,33,flight,940.9,94,9976
1258,26,34,train,2414.7,1811,10442
1259,26,35,train,2657.5,1993,13472
1260,26,36,car,150.5,180,1628
1261,26,37,flight,588.8,58,6375
1262,26,38,train,315.8,236,2107
1263,26,39,cab,187.2,224,2251
1264,26,40,flight,577.3,57,7439
1265,26,41,train,1417.4,1063,7273
1266,26,42,train,1312.7,984,7593
1267,26,43,train,1839.0,1379,8386
1268,26,44,train,1430.0,1072,7327
1269,26,45,train,2445.5,1834,11859
1270,26,46,flight,2665.3,266,22026
1271,26,47,flight,1417.4,141,12523
1272,26,48,train,2414.7,1811,11373
1273,26,49,flight,2657.5,265,21938
1274,26,50,train,947.8,710,6501
1275,27,1,train,1823.7,1367,9696
1276,27,2,train,811.6,608,4106
1277,27,3,flight,206.2,20,3216
1278,27,4,flight,490.9,49,5045
1279,27,5,flight,1748.9,174,16209
1280,27,6,train,630.4,472,3481
1281,27,7,train,718.1,538,4300
1282,27,8,train,1235.6,926,5517
1283,27,9,flight,1619.6,161,15030
1284,27,10,flight,1699.1,169,14360
1285,27,11,train,1664.9,1248,9528
1286,27,12,flight,1626.5,162,14641
1287,27,13,flight,2146.5,214,19315
1288,27,14,flight,1039.1,103,11159
1289,27,15,flight,1153.7,115,9760
1290,27,16,flight,1225.5,122,12415
1291,27,17,train,2418.7,1814,12617
1292,27,18,flight,2090.2,209,18082
1293,27,19,flight,2216.5,221,19255
1294,27,20,car,141.5,169,1563
1295,27,21,train,284.8,213,2824
1296,27,22,flight,2086.3,208,19270
1297,27,23,train,1932.2,1449,9884
1298,27,24,train,1988.6,1491,10079
1299,27,25,flight,2027.2,202,18372
1300,27,26,train,296.7,222,3770
1301,27,28,train,2417.4,1813,11675
1302,27,29,train,1400.3,1050,8211
1303,27,30,flight,2048.8,204,18489
1304,27,31,train,757.4,568,5937
1305,27,32,flight,661.7,66,8030
1306,27,33,flight,656.2,65,6889
1307,27,34,flight,2185.1,218,20090
1308,27,35,train,2430.8,1823,11165
1309,27,36,train,320.8,240,2589
1310,27,37,flight,292.6,29,4063
1311,27,38,flight,436.9,43,4786
1312,27,39,train,412.0,308,3717
1313,27,40,train,340.5,255,1941
1314,27,41,train,1142.3,856,7006
1315,27,42,flight,1031.2,103,10083
1316,27,43,train,1571.9,1178,7890
1317,27,44,train,1386.0,1039,8543
1318,27,45,flight,2216.5,221,20627
1319,27,46,train,2417.4,1813,11480
1320,27,47,train,1142.3,856,6816
1321,27,48,flight,2185.1,218,19344
1322,27,49,train,2430.8,1823,12710
1323,27,50,train,661.7,496,3914
1324,28,1,flight,648.0,64,7849
1325,28,2,flight,1671.0,167,15252
1326,28,3,train,2365.0,1773,10653
1327,28,4,flight,2405.0,240,22081
1328,28,5,flight,1866.8,186,17163
1329,28,6,train,1896.7,1422,8148
1330,28,7,flight,1726.8,172,16091
1331,28,8,train,1238.4,928,6569
1332,28,9,flight,804.8,80,7952
1333,28,10,train,1017.6,763,4852
1334,28,11,flight,839.0,83,7569
1335,28,12,train,1275.7,956,7428
1336,28,13,flight,272.7,27,4945
1337,28,14,flight,1506.8,150,13016
1338,28,15,train,1267.6,950,5647
1339,28,16,flight,1235.1,123,10781
1340,28,17,cab,38.4,46,505
1341,28,18,train,419.1,314,3364
1342,28,19,flight,329.7,32,4939
1343,28,20,train,2527.5,1895,12859
1344,28,21,flight,2677.1,267,23282
1345,28,22,train,1538.2,1153,8142
1346,28,23,train,705.6,529,4899
1347,28,24,flight,572.7,57,7508
1348,28,25,train,528.5,396,3062
1349,28,26,train,2665.3,1998,12529
1350,28,27,flight,2417.4,241,20089
1351,28,29,flight,1063.5,106,11001
1352,28,30,flight,441.3,44,4181
1353,28,31,train,1703.3,1277,8458
1354,28,32,train,1793.2,1344,8714
1355,28,33,train,1793.2,1344,9982
1356,28,34,train,343.8,257,3029
1357,28,35,train,294.2,220,2180
1358,28,36,flight,2736.0,273,24836
1359,28,37,train,2168.4,1626,10916
1360,28,38,train,2517.9,1888,10726
1361,28,39,train,2823.1,2117,12662
1362,28,40,flight,2090.4,209,18806
1363,28,41,train,1310.5,982,7224
1364,28,42,flight,1439.7,143,13574
1365,28,43,flight,878.1,87,7613
1366,28,44,flight,1898.6,189,15706
1367,28,45,flight,329.7,32,3764
1368,28,46,cab,0.0,30,508
1369,28,47,flight,1310.5,131,12816
1370,28,48,flight,343.8,34,4036
1371,28,49,train,294.2,220,2299
1372,28,50,train,1793.2,1344,8656
1373,29,1,train,631.4,473,4664
1374,29,2,flight,613.4,61,7610
1375,29,3,train,1389.5,1042,8247
1376,29,4,train,1505.1,1128,8035
1377,29,5,flight,1608.9,160,15547
1378,29,6,flight,1000.0,99,10621
1379,29,7,train,685.2,513,5098
1380,29,8,cab,175.2,210,2214
1381,29,9,flight,401.4,40,5871
1382,29,10,flight,861.3,86,8907
1383,29,11,train,602.2,451,5287
1384,29,12,train,1036.8,777,6791
1385,29,13,train,810.4,607,4353
1386,29,14,flight,756.8,75,8405
1387,29,15,train,381.9,286,4445
1388,29,16,flight,499.9,49,6891
1389,29,17,flight,1073.7,107,10877
1390,29,18,flight,845.7,84,8202
1391,29,19,flight,955.8,95,9303
1392,29,20,train,1524.4,1143,7783
1393,29,21,flight,1676.2,167,14968
1394,29,22,train,1578.0,1183,8835
1395,29,23,flight,854.1,85,7610
1396,29,24,train,820.3,615,4998
1397,29,25,train,838.4,628,5883
1398,29,26,train,1673.2,1254,9301
1399,29,27,train,1400.3,1050,8018
1400,29,28,train,1063.5,797,7210
1401,29,30,train,801.9,601,5180
1402,29,31,flight,653.4,65,6717
1403,29,32,train,747.4,560,5465
1404,29,33,flight,750.0,75,6689
1405,29,34,train,924.7,693,4598
1406,29,35,flight,1161.6,116,11499
1407,29,36,train,1720.9,1290,8727
1408,29,37,flight,1129.9,112,11716
1409,29,38,train,1592.0,1193,8450
1410,29,39,flight,1812.2,181,15412
1411,29,40,train,1100.6,825,5112
1412,29,41,flight,258.5,25,4548
1413,29,42,flight,380.6,38,5762
1414,29,43,cab,185.5,222,2240
1415,29,44,flight,1428.1,142,13337
1416,29,45,flight,955.8,95,10481
1417,29,46,flight,1063.5,106,9563
1418,29,47,flight,258.5,25,3009
1419,29,48,flight,924.7,92,8010
1420,29,49,train,1161.6,871,6363
1421,29,50,flight,747.4,74,8448
1422,30,1,flight,226.8,22,4401
1423,30,2,flight,1360.4,136,12126
1424,30,3,flight,1975.8,197,18628
1425,30,4,flight,1991.2,199,18088
1426,30,5,flight,1448.4,144,13911
1427,30,6,train,1492.1,1119,7582
1428,30,7,flight,1394.1,139,13265
1429,30,8,train,962.5,721,6455
1430,30,9,train,441.2,330,2316
1431,30,10,train,580.1,435,4590
1432,30,11,train,408.7,306,2183
1433,30,12,train,841.8,631,3885
1434,30,13,train,223.5,167,1583
1435,30,14,flight,1087.0,108,11551
1436,30,15,flight,898.5,89,9901
1437,30,16,train,832.6,624,5990
1438,30,17,flight,424.0,42,4313
1439,30,18,car,44.3,53,954
1440,30,19,car,167.9,201,2191
1441,30,20,train,2148.9,1611,11325
1442,30,21,flight,2295.3,229,19287
1443,30,22,flight,1171.8,117,11429
1444,30,23,train,281.3,210,2913
1445,30,24,car,143.3,171,2008
1446,30,25,cab,108.6,130,1579
1447,30,26,train,2279.2,1709,11229
1448,30,27,flight,2048.8,204,17949
1449,30,28,train,441.3,330,4287
1450,30,29,train,801.9,601,5309
1451,30,31,train,1380.3,1035,7438
1452,30,32,train,1462.3,1096,7804
1453,30,33,flight,1459.6,145,14193
1454,30,34,car,136.3,163,1701
1455,30,35,train,383.1,287,3944
1456,30,36,train,2361.7,1771,11889
1457,30,37,flight,1820.9,182,16556
1458,30,38,flight,2109.4,210,19832
1459,30,39,train,2445.3,1834,10882
1460,30,40,train,1713.0,1284,8629
1461,30,41,flight,1010.4,101,9821
1462,30,42,flight,1141.3,114,9974
1463,30,43,flight,632.1,63,7396
1464,30,44,flight,1459.6,145,14621
1465,30,45,cab,167.9,201,1812
1466,30,46,train,441.3,330,2982
1467,30,47,train,1010.4,757,6285
1468,30,48,cab,136.3,163,1673
1469,30,49,train,383.1,287,3102
1470,30,50,train,1462.3,1096,8111
1471,31,1,train,1168.0,875,7312
1472,31,2,cab,66.6,79,1181
1473,31,3,train,782.5,586,5366
1474,31,4,train,966.3,724,5246
1475,31,5,flight,1611.0,161,13670
1476,31,6,train,557.4,418,4407
1477,31,7,cab,53.6,64,661
1478,31,8,flight,482.7,48,6238
1479,31,9,flight,939.1,93,9769
1480,31,10,train,1184.9,888,5400
1481,31,11,flight,1047.7,104,11056
1482,31,12,train,1225.4,919,7768
1483,31,13,train,1439.2,1079,8214
1484,31,14,flight,650.2,65,7290
1485,31,15,flight,509.2,50,4621
1486,31,16,flight,650.8,65,6234
1487,31,17,flight,1709.5,170,15620
1488,31,18,train,1424.0,1068,7496
1489,31,19,flight,1546.3,154,13231
1490,31,20,flight,888.9,88,9459
1491,31,21,flight,1039.5,103,11228
1492,31,22,flight,1775.4,177,15550
1493,31,23,flight,1331.5,133,13082
1494,31,24,train,1351.9,1013,6712
1495,31,25,flight,1383.3,138,13071
1496,31,26,flight,1042.6,104,9830
1497,31,27,flight,757.4,75,6662
1498,31,28,train,1703.3,1277,9481
1499,31,29,flight,653.4,65,6066
1500,31,30,flight,1380.3,138,13249
1501,31,32,cab,95.7,114,1432
1502,31,33,car,101.7,122,1152
1503,31,34,train,1514.3,1135,8693
1504,31,35,flight,1760.6,176,16996
1505,31,36,train,1075.4,806,6594
1506,31,37,train,477.9,358,4473
1507,31,38,train,1020.8,765,6436
1508,31,39,flight,1168.1,116,10087
1509,31,40,train,499.0,374,3123
1510,31,41,train,396.0,297,3390
1511,31,42,train,275.6,206,3521
1512,31,43,flight,833.1,83,8412
1513,31,44,flight,1311.3,131,13216
1514,31,45,flight,1546.3,154,15019
1515,31,46,train,1703.3,1277,8345
1516,31,47,train,396.0,297,4242
1517,31,48,train,1514.3,1135,8241
1518,31,49,flight,1760.6,176,16974
1519,31,50,cab,95.7,114,1083
1520,32,1,flight,1247.0,124,12483
1521,32,2,cab,153.2,183,1731
1522,32,3,train,692.0,518,3540
1523,32,4,flight,887.2,88,9299
1524,32,5,train,1614.1,1210,7983
1525,32,6,train,512.2,384,3926
1526,32,7,cab,68.2,81,958
1527,32,8,train,577.8,433,3406
1528,32,9,train,1021.4,766,6431
1529,32,10,train,1239.8,929,6105
1530,32,11,train,1119.1,839,6564
1531,32,12,train,1262.2,946,6954
1532,32,13,train,1527.7,1145,7300
1533,32,14,flight,669.4,66,8029
1534,32,15,train,578.6,433,5031
1535,32,16,train,708.0,531,5437
1536,32,17,flight,1798.6,179,15731
1537,32,18,flight,1505.8,150,12760
1538,32,19,flight,1629.0,162,14277
1539,32,20,train,793.7,595,5389
1540,32,21,flight,944.2,94,9625
1541,32,22,train,1804.5,1353,9867
1542,32,23,flight,1402.1,140,12701
1543,32,24,flight,1428.5,142,13986
1544,32,25,train,1461.2,1095,8165
1545,32,26,train,947.8,710,5949
1546,32,27,train,661.7,496,5104
1547,32,28,train,1793.2,1344,8940
1548,32,29,train,747.4,560,4300
1549,32,30,train,1462.3,1096,7971
1550,32,31,car,95.7,114,1539
1551,32,33,cab,15.0,30,368
1552,32,34,flight,1597.1,159,14048
1553,32,35,flight,1843.8,184,16172
1554,32,36,flight,979.6,97,9888
1555,32,37,flight,382.7,38,4954
1556,32,38,train,935.2,701,6327
1557,32,39,flight,1072.3,107,10783
1558,32,40,flight,412.9,41,5408
1559,32,41,train,489.4,367,3973
1560,32,42,flight,371.1,37,3730
1561,32,43,train,926.0,694,4616
1562,32,44,flight,1301.3,130,11715
1563,32,45,flight,1629.0,162,14593
1564,32,46,flight,1793.2,179,15290
1565,32,47,train,489.4,367,2554
1566,32,48,flight,1597.1,159,13608
1567,32,49,flight,1843.8,184,16513
1568,32,50,cab,0.0,30,452
1569,33,1,train,1243.5,932,7823
1570,33,2,car,162.4,194,1900
1571,33,3,train,682.5,511,4245
1572,33,4,flight,874.9,87,9476
1573,33,5,flight,1600.3,160,13827
1574,33,6,train,497.2,372,3662
1575,33,7,car,66.3,79,1017
1576,33,8,flight,581.4,58,6658
1577,33,9,train,1018.9,764,6023
1578,33,10,train,1231.5,923,7207
1579,33,11,train,1113.9,835,7419
1580,33,12,train,1251.4,938,5825
1581,33,13,train,1527.1,1145,7641
1582,33,14,train,657.1,492,3362
1583,33,15,train,573.4,430,3196
1584,33,16,train,700.4,525,5508
1585,33,17,train,1798.3,1348,9000
1586,33,18,train,1503.0,1127,7847
1587,33,19,flight,1626.5,162,13533
1588,33,20,flight,787.2,78,7118
1589,33,21,train,937.9,703,5127
1590,33,22,train,1792.8,1344,7971
1591,33,23,train,1396.6,1047,7680
1592,33,24,flight,1424.4,142,12778
1593,33,25,flight,1457.4,145,12176
1594,33,26,train,940.9,705,5254
1595,33,27,flight,656.2,65,6078
1596,33,28,flight,1793.2,179,16047
1597,33,29,train,750.0,562,5878
1598,33,30,train,1459.6,1094,7744
1599,33,31,car,101.7,122,1265
1600,33,32,cab,15.0,30,661
1601,33,34,flight,1594.5,159,14864
1602,33,35,train,1841.4,1381,8834
1603,33,36,train,974.8,731,5343
1604,33,37,flight,379.8,37,4308
1605,33,38,train,924.2,693,6083
1606,33,39,train,1067.3,800,5413
1607,33,40,train,401.8,301,2616
1608,33,41,flight,491.7,49,4466
1609,33,42,flight,375.4,37,4469
1610,33,43,train,927.6,695,4977
1611,33,44,flight,1286.8,128,12816
1612,33,45,train,1626.5,1219,8166
1613,33,46,flight,1793.2,179,17017
1614,33,47,train,491.7,368,3415
1615,33,48,flight,1594.5,159,14015
1616,33,49,train,1841.4,1381,8536
1617,33,50,car,15.0,30,704
1618,34,1,train,362.3,271,3797
1619,34,2,flight,1493.2,149,13294
1620,34,3,train,2111.2,1583,9441
1621,34,4,flight,2123.0,212,17814
1622,34,5,flight,1523.3,152,14130
1623,34,6,train,1626.1,1219,9365
1624,34,7,flight,1529.0,152,14638
1625,34,8,flight,1089.2,108,10838
1626,34,9,flight,575.7,57,6954
1627,34,10,flight,679.4,67,7575
1628,34,11,flight,539.2,53,5318
1629,34,12,flight,934.1,93,8554
1630,34,13,flight,213.9,21,3400
1631,34,14,train,1218.2,913,5453
1632,34,15,train,1034.7,776,5719
1633,34,16,train,967.8,725,5558
1634,34,17,train,318.8,239,2829
1635,34,18,car,95.8,114,1383
1636,34,19,cab,32.0,38,430
1637,34,20,train,2284.9,1713,10722
1638,34,21,flight,2431.1,243,22078
1639,34,22,flight,1209.4,120,10639
1640,34,23,train,363.6,272,3690
1641,34,24,flight,236.3,23,4226
1642,34,25,cab,190.6,228,2159
1643,34,26,train,2414.7,1811,10719
1644,34,27,train,2185.1,1638,10564
1645,34,28,train,343.8,257,4366
1646,34,29,flight,924.7,92,9355
1647,34,30,car,136.3,163,1677
1648,34,31,flight,1514.3,151,12956
1649,34,32,flight,1597.1,159,15010
1650,34,33,flight,1594.5,159,14172
1651,34,35,flight,247.1,24,3194
1652,34,36,train,2497.8,1873,12107
1653,34,37,flight,1956.8,195,16282
1654,34,38,flight,2242.2,224,19502
1655,34,39,flight,2581.3,258,21700
1656,34,40,flight,1849.1,184,16942
1657,34,41,flight,1140.9,114,11858
1658,34,42,flight,1272.1,127,12709
1659,34,43,train,749.3,561,4435
1660,34,44,train,1560.0,1169,7045
1661,34,45,car,32.0,38,774
1662,34,46,train,343.8,257,4251
1663,34,47,flight,1140.9,114,10987
1664,34,48,car,0.0,30,445
1665,34,49,flight,247.1,24,4122
1666,34,50,train,1597.1,1197,8803
1667,35,1,train,607.1,455,5182
1668,35,2,flight,1738.6,173,14475
1669,35,3,train,2353.7,1765,10205
1670,35,4,flight,2357.1,235,19944
1671,35,5,flight,1661.5,166,14944
1672,35,6,flight,1865.5,186,15581
1673,35,7,flight,1775.8,177,16369
1674,35,8,flight,1329.2,132,11995
1675,35,9,train,822.6,616,4050
1676,35,10,train,873.4,655,6277
1677,35,11,train,776.3,582,5189
1678,35,12,train,1110.9,833,7047
1679,35,13,flight,376.8,37,5991
1680,35,14,flight,1453.0,145,14375
1681,35,15,train,1281.5,961,7601
1682,35,16,train,1210.6,907,5993
1683,35,17,train,255.8,191,2105
1684,35,18,flight,340.8,34,3621
1685,35,19,flight,215.2,21,2600
1686,35,20,flight,2529.3,252,21324
1687,35,21,train,2674.7,2006,11920
1688,35,22,flight,1291.0,129,11282
1689,35,23,train,557.9,418,2825
1690,35,24,flight,456.4,45,4252
1691,35,25,flight,412.9,41,4298
1692,35,26,train,2657.5,1993,13502
1693,35,27,flight,2430.8,243,20650
1694,35,28,train,294.2,220,2768
1695,35,29,train,1161.6,871,6554
1696,35,30,train,383.1,287,2186
1697,35,31,train,1760.6,1320,9862
1698,35,32,train,1843.8,1382,8167
1699,35,33,flight,1841.4,184,17089
1700,35,34,train,247.1,185,2493
1701,35,36,flight,2742.6,274,23745
1702,35,37,flight,2203.9,220,20144
1703,35,38,flight,2478.5,247,20436
1704,35,39,train,2825.5,2119,14223
1705,35,40,train,2094.1,1570,10399
1706,35,41,train,1384.4,1038,6788
1707,35,42,train,1515.8,1136,7626
1708,35,43,flight,981.8,98,9836
1709,35,44,train,1740.4,1305,9197
1710,35,45,train,215.2,161,3028
1711,35,46,train,294.2,220,1713
1712,35,47,train,1384.4,1038,6841
1713,35,48,train,247.1,185,2448
1714,35,49,car,0.0,30,216
1715,35,50,train,1843.8,1382,8976
1716,36,1,flight,2135.8,213,19236
1717,36,2,flight,1127.5,112,11026
1718,36,3,flight,409.5,40,4559
1719,36,4,flight,585.0,58,6141
1720,36,5,train,1936.7,1452,9987
1721,36,6,train,906.6,679,6488
1722,36,7,train,1037.6,778,6826
1723,36,8,train,1555.4,1166,9043
1724,36,9,flight,1936.0,193,16466
1725,36,10,train,1987.7,1490,9358
1726,36,11,train,1972.3,1479,9098
1727,36,12,train,1892.4,1419,9097
1728,36,13,train,2464.5,1848,11193
1729,36,14,flight,1327.3,132,12527
1730,36,15,flight,1470.1,147,13642
1731,36,16,flight,1533.5,153,13954
1732,36,17,flight,2736.6,273,23399
1733,36,18,flight,2402.6,240,20843
1734,36,19,flight,2529.1,252,22668
1735,36,20,train,215.6,161,2082
1736,36,21,car,102.6,123,1165
1737,36,22,train,2316.1,1737,12049
1738,36,23,flight,2234.3,223,19704
1739,36,24,train,2296.7,1722,10131
1740,36,25,train,2336.2,1752,12162
1741,36,26,cab,150.5,180,1753
1742,36,27,train,320.8,240,3525
1743,36,28,flight,2736.0,273,24109
1744,36,29,flight,1720.9,172,16715
1745,36,30,train,2361.7,1771,10689
1746,36,31,train,1075.4,806,6673
1747,36,32,flight,979.6,97,8841
1748,36,33,train,974.8,731,4789
1749,36,34,flight,2497.8,249,21877
1750,36,35,train,2742.6,2056,11514
1751,36,37,train,601.6,451,3416
1752,36,38,flight,466.1,46,6416
1753,36,39,cab,93.8,112,1483
1754,36,40,flight,648.8,64,5964
1755,36,41,flight,1462.7,146,13981
1756,36,42,train,1350.2,1012,6678
1757,36,43,train,1892.8,1419,10083
1758,36,44,train,1572.8,1179,7905
1759,36,45,flight,2529.1,252,21066
1760,36,46,flight,2736.0,273,24814
1761,36,47,train,1462.7,1096,8566
1762,36,48,flight,2497.8,249,21267
1763,36,49,train,2742.6,2056,13397
1764,36,50,train,979.6,734,6615
1765,37,1,flight,1599.8,159,14745
1766,37,2,flight,527.0,52,4745
1767,37,3,train,393.9,295,4260
1768,37,4,train,662.0,496,4851
1769,37,5,flight,1726.0,172,15771
1770,37,6,train,545.8,409,3607
1771,37,7,train,445.1,333,4690
1772,37,8,train,960.4,720,5991
1773,37,9,flight,1383.3,138,13208
1774,37,10,flight,1530.3,153,12913
1775,37,11,flight,1455.2,145,14528
1776,37,12,flight,1499.3,149,12796
1777,37,13,train,1900.4,1425,9634
1778,37,14,flight,890.4,89,9584
1779,37,15,train,923.2,692,4810
1780,37,16,flight,1021.9,102,9375
1781,37,17,flight,2172.4,217,17878
1782,37,18,flight,1863.6,186,17468
1783,37,19,flight,1988.7,198,18388
1784,37,20,flight,432.7,43,5187
1785,37,21,train,577.1,432,3408
1786,37,22,train,2003.2,1502,9732
1787,37,23,train,1732.5,1299,8014
1788,37,24,flight,1774.2,177,17042
1789,37,25,train,1810.0,1357,9191
1790,37,26,flight,588.8,58,7343
1791,37,27,flight,292.6,29,4004
1792,37,28,train,2168.4,1626,10484
1793,37,29,flight,1129.9,112,10597
1794,37,30,flight,1820.9,182,17121
1795,37,31,train,477.9,358,4387
1796,37,32,train,382.7,287,2186
1797,37,33,flight,379.8,37,4480
1798,37,34,flight,1956.8,195,18596
1799,37,35,train,2203.9,1652,9577
1800,37,36,train,601.6,451,4733
1801,37,38,flight,659.9,65,8177
1802,37,39,train,695.1,521,3687
1803,37,40,flight,246.0,24,3177
1804,37,41,train,871.5,653,4941
1805,37,42,train,753.5,565,5222
1806,37,43,train,1307.1,980,5827
1807,37,44,train,1376.4,1032,7015
1808,37,45,train,1988.7,1491,10203
1809,37,46,train,2168.4,1626,11665
1810,37,47,flight,871.5,87,8276
1811,37,48,train,1956.8,1467,10516
1812,37,49,train,2203.9,1652,10853
1813,37,50,train,382.7,287,4293
1814,38,1,flight,1883.7,188,16432
1815,38,2,flight,1085.5,108,10067
1816,38,3,flight,266.1,26,3273
1817,38,4,cab,136.4,163,1741
1818,38,5,flight,1488.9,148,12582
1819,38,6,flight,621.3,62,6991
1820,38,7,flight,970.1,97,8774
1821,38,8,flight,1449.9,144,13642
1822,38,9,train,1715.8,1286,7751
1823,38,10,train,1660.6,1245,8934
1824,38,11,flight,1703.4,170,16030
1825,38,12,flight,1523.1,152,13511
1826,38,13,flight,2246.0,224,20418
1827,38,14,flight,1025.7,102,9353
1828,38,15,train,1268.6,951,7626
1829,38,16,train,1283.0,962,6081
1830,38,17,flight,2512.3,251,22818
1831,38,18,train,2146.6,1609,11220
1832,38,19,flight,2271.8,227,20871
1833,38,20,train,344.0,257,2218
1834,38,21,train,363.8,272,4438
1835,38,22,train,1895.1,1421,8367
1836,38,23,flight,1939.5,193,17424
1837,38,24,flight,2022.6,202,18456
1838,38,25,flight,2065.6,206,17102
1839,38,26,flight,315.8,31,4902
1840,38,27,train,436.9,327,2546
1841,38,28,train,2517.9,1888,13047
1842,38,29,train,1592.0,1193,8662
1843,38,30,flight,2109.4,210,18897
1844,38,31,flight,1020.8,102,8797
1845,38,32,train,935.2,701,6083
1846,38,33,train,924.2,693,6655
1847,38,34,train,2242.2,1681,10684
1848,38,35,train,2478.5,1858,11623
1849,38,36,train,466.1,349,3890
1850,38,37,train,659.9,494,3199
1851,38,39,flight,491.1,49,5465
1852,38,40,train,522.4,391,4250
1853,38,41,flight,1349.2,134,13073
1854,38,42,train,1265.9,949,7320
1855,38,43,flight,1740.2,174,16622
1856,38,44,train,1128.5,846,7129
1857,38,45,flight,2271.8,227,19052
1858,38,46,train,2517.9,1888,12503
1859,38,47,train,1349.2,1011,7384
1860,38,48,train,2242.2,1681,11632
1861,38,49,train,2478.5,1858,11408
1862,38,50,train,935.2,701,5598
1863,39,1,train,2219.0,1664,10441
1864,39,2,flight,1220.7,122,12415
1865,39,3,train,480.1,360,4716
1866,39,4,train,619.5,464,4716
1867,39,5,train,1976.9,1482,9786
1868,39,6,train,979.8,734,4774
1869,39,7,train,1129.8,847,5700
1870,39,8,train,1647.5,1235,9260
1871,39,9,flight,2021.9,202,17960
1872,39,10,flight,2061.0,206,17996
1873,39,11,train,2053.5,1540,10849
1874,39,12,train,1957.8,1468,8911
1875,39,13,train,2551.3,1913,11766
1876,39,14,flight,1402.0,140,13651
1877,39,15,flight,1556.3,155,14323
1878,39,16,train,1615.4,1211,8096
1879,39,17,train,2823.3,2117,12539
1880,39,18,flight,2485.9,248,20784
1881,39,19,train,2612.4,1959,10973
1882,39,20,train,296.5,222,1938
1883,39,21,car,154.7,185,2086
1884,39,22,train,2368.4,1776,12049
1885,39,23,train,2312.8,1734,11272
1886,39,24,flight,2377.8,237,20908
1887,39,25,train,2417.9,1813,12662
1888,39,26,car,187.2,224,2148
1889,39,27,flight,412.0,41,6228
1890,39,28,train,2823.1,2117,12552
1891,39,29,train,1812.2,1359,9455
1892,39,30,flight,2445.3,244,20984
1893,39,31,flight,1168.1,116,10804
1894,39,32,train,1072.3,804,5697
1895,39,33,train,1067.3,800,5812
1896,39,34,train,2581.3,1935,11835
1897,39,35,flight,2825.5,282,24511
1898,39,36,car,93.8,112,1531
1899,39,37,train,695.1,521,5401
1900,39,38,flight,491.1,49,4469
1901,39,40,train,733.5,550,3813
1902,39,41,train,1554.2,1165,7315
1903,39,42,train,1442.6,1081,6868
1904,39,43,train,1983.2,1487,8574
1905,39,44,train,1614.4,1210,7894
1906,39,45,train,2612.4,1959,13155
1907,39,46,flight,2823.1,282,24926
1908,39,47,flight,1554.2,155,15268
1909,39,48,train,2581.3,1935,11589
1910,39,49,flight,2825.5,282,24441
1911,39,50,train,1072.3,804,7052
1912,40,1,flight,1487.1,148,12917
1913,40,2,flight,563.3,56,6891
1914,40,3,train,289.7,217,3716
1915,40,4,train,480.8,360,2459
1916,40,5,train,1486.2,1114,8056
1917,40,6,train,314.0,235,3882
1918,40,7,train,449.3,336,2630
1919,40,8,flight,946.6,94,9797
1920,40,9,flight,1288.4,128,11818
1921,40,10,flight,1360.8,136,11740
1922,40,11,train,1325.6,994,7976
1923,40,12,flight,1299.9,129,13086
1924,40,13,train,1818.4,1363,8142
1925,40,14,train,702.7,527,4603
1926,40,15,train,823.0,617,5282
1927,40,16,flight,886.3,88,7961
1928,40,17,flight,2090.1,209,19141
1929,40,18,flight,1753.9,175,16056
1930,40,19,train,1880.4,1410,9340
1931,40,20,train,437.3,327,3493
1932,40,21,train,586.7,440,2852
1933,40,22,flight,1782.7,178,16631
1934,40,23,flight,1591.9,159,13833
1935,40,24,train,1649.7,1237,8090
1936,40,25,flight,1688.7,168,15643
1937,40,26,flight,577.3,57,6959
1938,40,27,train,340.5,255,1882
1939,40,28,train,2090.4,1567,11056
1940,40,29,flight,1100.6,110,10615
1941,40,30,flight,1713.0,171,15319
1942,40,31,flight,499.0,49,6249
1943,40,32,flight,412.9,41,5138
1944,40,33,flight,401.8,40,4060
1945,40,34,train,1849.1,1386,10079
1946,40,35,flight,2094.1,209,19479
1947,40,36,flight,648.8,64,7962
1948,40,37,train,246.0,184,3149
1949,40,38,train,522.4,391,3406
1950,40,39,train,733.5,550,5781
1951,40,41,flight,848.0,84,8123
1952,40,42,flight,753.0,75,8538
1953,40,43,flight,1263.0,126,12355
1954,40,44,flight,1133.3,113,11090
1955,40,45,train,1880.4,1410,9706
1956,40,46,flight,2090.4,209,18137
1957,40,47,train,848.0,635,4881
1958,40,48,flight,1849.1,184,15378
1959,40,49,train,2094.1,1570,9039
1960,40,50,train,412.9,309,4092
1961,41,1,flight,812.2,81,9120
1962,41,2,flight,360.5,36,5807
1963,41,3,flight,1137.6,113,10061
1964,41,4,train,1269.8,952,7863
1965,41,5,train,1559.0,1169,7555
1966,41,6,train,778.7,584,5785
1967,41,7,flight,426.6,42,5135
1968,41,8,car,101.1,121,1318
1969,41,9,train,575.5,431,3521
1970,41,10,train,932.5,699,5820
1971,41,11,flight,727.9,72,6430
1972,41,12,train,1049.9,787,5829
1973,41,13,train,1049.8,787,7107
1974,41,14,train,623.2,467,4106
1975,41,15,flight,278.6,27,3272
1976,41,16,train,446.2,334,4530
1977,41,17,flight,1318.1,131,12902
1978,41,18,flight,1054.6,105,11209
1979,41,19,train,1172.7,879,7139
1980,41,20,flight,1267.5,126,12026
1981,41,21,flight,1419.3,141,14139
1982,41,22,flight,1609.7,160,15146
1983,41,23,flight,1006.2,100,10759
1984,41,24,flight,1001.9,100,10069
1985,41,25,train,1027.9,770,6721
1986,41,26,flight,1417.4,141,13986
1987,41,27,train,1142.3,856,6636
1988,41,28,train,1310.5,982,5841
1989,41,29,train,258.5,193,1858
1990,41,30,train,1010.4,757,4867
1991,41,31,train,396.0,297,3530
1992,41,32,train,489.4,367,3049
1993,41,33,train,491.7,368,3558
1994,41,34,flight,1140.9,114,12115
1995,41,35,flight,1384.4,138,12273
1996,41,36,train,1462.7,1096,8299
1997,41,37,train,871.5,653,5953
1998,41,38,train,1349.2,1011,7344
1999,41,39,train,1554.2,1165,8081
2000,41,40,train,848.0,635,6190
2001,41,42,car,131.4,157,1607
2002,41,43,flight,437.2,43,4541
2003,41,44,train,1327.5,995,6619
2004,41,45,train,1172.7,879,5195
2005,41,46,flight,1310.5,131,12311
2006,41,47,car,0.0,30,381
2007,41,48,flight,1140.9,114,9660
2008,41,49,flight,1384.4,138,14039
2009,41,50,flight,489.4,48,4681
2010,42,1,train,941.1,705,6441
2011,42,2,flight,232.8,23,4498
2012,42,3,train,1041.9,781,5822
2013,42,4,train,1196.0,897,7307
2014,42,5,train,1608.7,1206,8712
2015,42,6,flight,727.1,72,8696
2016,42,7,train,313.4,235,2314
2017,42,8,flight,207.6,20,4496
2018,42,9,train,705.0,528,3586
2019,42,10,flight,1037.0,103,10321
2020,42,11,flight,848.9,84,8934
2021,42,12,flight,1133.0,113,10887
2022,42,13,flight,1180.3,118,11068
2023,42,14,train,648.4,486,4227
2024,42,15,flight,356.3,35,5426
2025,42,16,flight,525.4,52,6631
2026,42,17,train,1447.9,1085,7837
2027,42,18,flight,1185.6,118,10187
2028,42,19,flight,1303.9,130,10964
2029,42,20,flight,1160.4,116,10289
2030,42,21,flight,1311.7,131,11846
2031,42,22,train,1693.9,1270,7863
2032,42,23,flight,1129.7,112,10687
2033,42,24,flight,1130.2,113,10116
2034,42,25,flight,1157.1,115,9956
2035,42,26,flight,1312.7,131,12733
2036,42,27,train,1031.2,773,5350
2037,42,28,train,1439.7,1079,7582
2038,42,29,train,380.6,285,3596
2039,42,30,train,1141.3,856,6276
2040,42,31,train,275.6,206,1611
2041,42,32,flight,371.1,37,5483
2042,42,33,flight,375.4,37,4101
2043,42,34,train,1272.1,954,7742
2044,42,35,train,1515.8,1136,7278
2045,42,36,train,1350.2,1012,6073
2046,42,37,train,753.5,565,3688
2047,42,38,flight,1265.9,126,11904
2048,42,39,train,1442.6,1081,6278
2049,42,40,train,753.0,564,4334
2050,42,41,cab,131.4,157,1434
2051,42,43,flight,563.6,56,5744
2052,42,44,train,1353.5,1015,8331
2053,42,45,train,1303.9,977,6329
2054,42,46,flight,1439.7,143,12362
2055,42,47,cab,131.4,157,1676
2056,42,48,train,1272.1,954,6968
2057,42,49,flight,1515.8,151,14824
2058,42,50,flight,371.1,37,5811
2059,43,1,flight,486.5,48,5095
2060,43,2,flight,796.1,79,7079
2061,43,3,flight,1549.6,154,13974
2062,43,4,train,1645.9,1234,8164
2063,43,5,flight,1603.7,160,14109
2064,43,6,flight,1133.4,113,9958
2065,43,7,train,862.0,646,5662
2066,43,8,train,360.3,270,3708
2067,43,9,flight,284.6,28,2926
2068,43,10,train,790.3,592,5142
2069,43,11,train,505.6,379,3352
2070,43,12,train,1000.6,750,6824
2071,43,13,flight,625.9,62,7759
2072,43,14,train,837.0,627,4750
2073,43,15,flight,484.8,48,4413
2074,43,16,flight,552.8,55,5908
2075,43,17,flight,888.2,88,8543
2076,43,18,flight,675.1,67,5902
2077,43,19,flight,779.7,77,7257
2078,43,20,flight,1692.5,169,16218
2079,43,21,flight,1844.2,184,15691
2080,43,22,flight,1515.3,151,14563
2081,43,23,flight,722.4,72,8016
2082,43,24,train,668.2,501,3229
2083,43,25,train,680.4,510,3938
2084,43,26,train,1839.0,1379,7937
2085,43,27,train,1571.9,1178,8592
2086,43,28,train,878.1,658,4170
2087,43,29,cab,185.5,222,2086
2088,43,30,train,632.1,474,5098
2089,43,31,train,833.1,624,4373
2090,43,32,train,926.0,694,5263
2091,43,33,flight,927.6,92,8052
2092,43,34,train,749.3,561,5249
2093,43,35,flight,981.8,98,8631
2094,43,36,train,1892.8,1419,8890
2095,43,37,flight,1307.1,130,12913
2096,43,38,train,1740.2,1305,9671
2097,43,39,flight,1983.2,198,16626
2098,43,40,flight,1263.0,126,13102
2099,43,41,train,437.2,327,2518
2100,43,42,flight,563.6,56,5668
2101,43,44,train,1462.9,1097,7542
2102,43,45,train,779.7,584,3752
2103,43,46,train,878.1,658,4347
2104,43,47,train,437.2,327,3085
2105,43,48,train,749.3,561,4571
2106,43,49,flight,981.8,98,8919
2107,43,50,flight,926.0,92,8731
2108,44,1,flight,1283.9,128,13191
2109,44,2,flight,1361.0,136,13264
2110,44,3,flight,1195.4,119,10787
2111,44,4,flight,995.7,99,9841
2112,44,5,train,364.7,273,2896
2113,44,6,flight,836.6,83,9054
2114,44,7,train,1269.5,952,5817
2115,44,8,train,1401.3,1050,7179
2116,44,9,flight,1258.1,125,13029
2117,44,10,flight,881.1,88,9504
2118,44,11,flight,1102.5,110,11220
2119,44,12,flight,629.7,62,6048
2120,44,13,train,1666.5,1249,8720
2121,44,14,train,706.4,529,3344
2122,44,15,flight,1064.8,106,11301
2123,44,16,flight,928.2,92,8156
2124,44,17,train,1877.4,1408,9317
2125,44,18,flight,1479.5,147,13036
2126,44,19,train,1580.5,1185,7261
2127,44,20,flight,1387.7,138,11827
2128,44,21,train,1472.2,1104,8544
2129,44,22,train,788.9,591,5251
2130,44,23,flight,1197.0,119,12414
2131,44,24,flight,1326.2,132,13451
2132,44,25,flight,1370.9,137,13212
2133,44,26,train,1430.0,1072,6738
2134,44,27,train,1386.0,1039,7035
2135,44,28,train,1898.6,1423,9421
2136,44,29,train,1428.1,1071,8584
2137,44,30,flight,1459.6,145,12851
2138,44,31,flight,1311.3,131,11993
2139,44,32,flight,1301.3,130,11463
2140,44,33,train,1286.8,965,6712
2141,44,34,train,1560.0,1169,8002
2142,44,35,train,1740.4,1305,9467
2143,44,36,flight,1572.8,157,15131
2144,44,37,train,1376.4,1032,6513
2145,44,38,train,1128.5,846,5326
2146,44,39,train,1614.4,1210,7862
2147,44,40,flight,1133.3,113,11459
2148,44,41,train,1327.5,995,6919
2149,44,42,train,1353.5,1015,6741
2150,44,43,train,1462.9,1097,6368
2151,44,45,train,1580.5,1185,8817
2152,44,46,train,1898.6,1423,9313
2153,44,47,train,1327.5,995,6024
2154,44,48,flight,1560.0,155,13077
2155,44,49,flight,1740.4,174,16793
2156,44,50,train,1301.3,975,7344
2157,45,1,flight,393.4,39,4964
2158,45,2,train,1525.1,1143,7909
2159,45,3,train,2142.0,1606,10219
2160,45,4,flight,2152.2,215,19755
2161,45,5,flight,1537.6,153,14858
2162,45,6,train,1656.2,1242,8780
2163,45,7,train,1560.9,1170,6920
2164,45,8,flight,1120.6,112,11959
2165,45,9,train,607.7,455,3708
2166,45,10,flight,701.0,70,6614
2167,45,11,train,568.5,426,3764
2168,45,12,train,953.4,715,5676
2169,45,13,train,228.7,171,1974
2170,45,14,flight,1247.4,124,11436
2171,45,15,flight,1066.4,106,11415
2172,45,16,train,998.5,748,5476
2173,45,17,flight,302.2,30,4444
2174,45,18,cab,126.5,151,1819
2175,45,19,car,0.0,30,323
2176,45,20,train,2316.0,1737,10602
2177,45,21,train,2462.0,1846,11673
2178,45,22,flight,1215.0,121,10837
2179,45,23,flight,383.5,38,5788
2180,45,24,flight,260.6,26,3977
2181,45,25,flight,215.0,21,3604
2182,45,26,train,2445.5,1834,11841
2183,45,27,train,2216.5,1662,10689
2184,45,28,flight,329.7,32,4880
2185,45,29,train,955.8,716,5190
2186,45,30,car,167.9,201,1785
2187,45,31,flight,1546.3,154,13999
2188,45,32,train,1629.0,1221,9412
2189,45,33,flight,1626.5,162,15236
2190,45,34,cab,32.0,38,849
2191,45,35,flight,215.2,21,2810
2192,45,36,flight,2529.1,252,20831
2193,45,37,flight,1988.7,198,17784
2194,45,38,train,2271.8,1703,9674
2195,45,39,flight,2612.4,261,22889
2196,45,40,train,1880.4,1410,8675
2197,45,41,train,1172.7,879,6025
2198,45,42,train,1303.9,977,7464
2199,45,43,flight,779.7,77,7639
2200,45,44,flight,1580.5,158,15151
2201,45,46,flight,329.7,32,3547
2202,45,47,flight,1172.7,117,11569
2203,45,48,cab,32.0,38,634
2204,45,49,flight,215.2,21,2497
2205,45,50,flight,1629.0,162,13659
2206,46,1,train,648.0,485,3769
2207,46,2,train,1671.0,1253,8629
2208,46,3,flight,2365.0,236,19899
2209,46,4,train,2405.0,1803,10452
2210,46,5,flight,1866.8,186,16523
2211,46,6,train,1896.7,1422,10187
2212,46,7,flight,1726.8,172,14354
2213,46,8,train,1238.4,928,6218
2214,46,9,train,804.8,603,5071
2215,46,10,train,1017.6,763,5366
2216,46,11,train,839.0,629,4537
2217,46,12,flight,1275.7,127,12903
2218,46,13,flight,272.7,27,4163
2219,46,14,flight,1506.8,150,13433
2220,46,15,flight,1267.6,126,11771
2221,46,16,train,1235.1,926,5835
2222,46,17,cab,38.4,46,672
2223,46,18,flight,419.1,41,5418
2224,46,19,flight,329.7,32,3611
2225,46,20,flight,2527.5,252,21643
2226,46,21,train,2677.1,2007,13667
2227,46,22,train,1538.2,1153,8306
2228,46,23,flight,705.6,70,6919
2229,46,24,train,572.7,429,4485
2230,46,25,flight,528.5,52,5113
2231,46,26,flight,2665.3,266,22391
2232,46,27,flight,2417.4,241,20313
2233,46,28,car,0.0,30,101
2234,46,29,train,1063.5,797,5033
2235,46,30,train,441.3,330,2576
2236,46,31,train,1703.3,1277,8247
2237,46,32,flight,1793.2,179,16267
2238,46,33,flight,1793.2,179,15458
2239,46,34,flight,343.8,34,4410
2240,46,35,train,294.2,220,2793
2241,46,36,flight,2736.0,273,23122
2242,46,37,train,2168.4,1626,10336
2243,46,38,train,2517.9,1888,12764
2244,46,39,train,2823.1,2117,11980
2245,46,40,flight,2090.4,209,17490
2246,46,41,flight,1310.5,131,13278
2247,46,42,train,1439.7,1079,7725
2248,46,43,flight,878.1,87,7565
2249,46,44,train,1898.6,1423,8673
2250,46,45,flight,329.7,32,5410
2251,46,47,train,1310.5,982,7652
2252,46,48,train,343.8,257,2524
2253,46,49,flight,294.2,29,5272
2254,46,50,flight,1793.2,179,17000
2255,47,1,train,812.2,609,6118
2256,47,2,flight,360.5,36,4737
2257,47,3,flight,1137.6,113,9799
2258,47,4,train,1269.8,952,6022
2259,47,5,train,1559.0,1169,7011
2260,47,6,train,778.7,584,4559
2261,47,7,train,426.6,319,4169
2262,47,8,cab,101.1,121,1118
2263,47,9,flight,575.5,57,7036
2264,47,10,train,932.5,699,5909
2265,47,11,train,727.9,545,4059
2266,47,12,flight,1049.9,104,9460
2267,47,13,train,1049.8,787,4978
2268,47,14,flight,623.2,62,7841
2269,47,15,train,278.6,208,2234
2270,47,16,train,446.2,334,4143
2271,47,17,train,1318.1,988,5992
2272,47,18,train,1054.6,790,6825
2273,47,19,train,1172.7,879,5816
2274,47,20,train,1267.5,950,7463
2275,47,21,train,1419.3,1064,6490
2276,47,22,flight,1609.7,160,13739
2277,47,23,train,1006.2,754,6735
2278,47,24,flight,1001.9,100,9312
2279,47,25,train,1027.9,770,5821
2280,47,26,train,1417.4,1063,8111
2281,47,27,flight,1142.3,114,10145
2282,47,28,flight,1310.5,131,12393
2283,47,29,train,258.5,193,1746
2284,47,30,flight,1010.4,101,9241
2285,47,31,train,396.0,297,4187
2286,47,32,train,489.4,367,4386
2287,47,33,flight,491.7,49,6748
2288,47,34,train,1140.9,855,6394
2289,47,35,flight,1384.4,138,11709
2290,47,36,train,1462.7,1096,6638
2291,47,37,train,871.5,653,6254
2292,47,38,train,1349.2,1011,6650
2293,47,39,train,1554.2,1165,8218
2294,47,40,train,848.0,635,3995
2295,47,41,car,0.0,30,219
2296,47,42,car,131.4,157,1518
2297,47,43,flight,437.2,43,5499
2298,47,44,flight,1327.5,132,12339
2299,47,45,flight,1172.7,117,11119
2300,47,46,flight,1310.5,131,12016
2301,47,48,train,1140.9,855,6991
2302,47,49,flight,1384.4,138,12125
2303,47,50,flight,489.4,48,4491
2304,48,1,train,362.3,271,3264
2305,48,2,train,1493.2,1119,7457
2306,48,3,flight,2111.2,211,19369
2307,48,4,flight,2123.0,212,19212
2308,48,5,train,1523.3,1142,7316
2309,48,6,flight,1626.1,162,15132
2310,48,7,flight,1529.0,152,14081
2311,48,8,train,1089.2,816,5937
2312,48,9,flight,575.7,57,5964
2313,48,10,train,679.4,509,4537
2314,48,11,train,539.2,404,4711
2315,48,12,train,934.1,700,5131
2316,48,13,train,213.9,160,2949
2317,48,14,flight,1218.2,121,11196
2318,48,15,train,1034.7,776,7003
2319,48,16,train,967.8,725,5533
2320,48,17,train,318.8,239,3216
2321,48,18,car,95.8,114,1425
2322,48,19,cab,32.0,38,432
2323,48,20,flight,2284.9,228,19637
2324,48,21,flight,2431.1,243,21989
2325,48,22,flight,1209.4,120,11609
2326,48,23,train,363.6,272,4342
2327,48,24,flight,236.3,23,3160
2328,48,25,car,190.6,228,2042
2329,48,26,flight,2414.7,241,20001
2330,48,27,flight,2185.1,218,19646
2331,48,28,flight,343.8,34,3878
2332,48,29,train,924.7,693,6555
2333,48,30,cab,136.3,163,1937
2334,48,31,train,1514.3,1135,7082
2335,48,32,train,1597.1,1197,7451
2336,48,33,train,1594.5,1195,7036
2337,48,34,cab,0.0,30,122
2338,48,35,flight,247.1,24,4843
2339,48,36,train,2497.8,1873,11794
2340,48,37,flight,1956.8,195,16538
2341,48,38,flight,2242.2,224,19516
2342,48,39,train,2581.3,1935,12527
2343,48,40,flight,1849.1,184,17539
2344,48,41,train,1140.9,855,5498
2345,48,42,flight,1272.1,127,12221
2346,48,43,flight,749.3,74,7858
2347,48,44,flight,1560.0,155,13352
2348,48,45,car,32.0,38,839
2349,48,46,flight,343.8,34,4655
2350,48,47,train,1140.9,855,6316
2351,48,49,train,247.1,185,3422
2352,48,50,flight,1597.1,159,13912
2353,49,1,train,607.1,455,4398
2354,49,2,flight,1738.6,173,15578
2355,49,3,train,2353.7,1765,10827
2356,49,4,train,2357.1,1767,10889
2357,49,5,train,1661.5,1246,7435
2358,49,6,flight,1865.5,186,17823
2359,49,7,train,1775.8,1331,8308
2360,49,8,train,1329.2,996,6150
2361,49,9,train,822.6,616,6218
2362,49,10,flight,873.4,87,8128
2363,49,11,flight,776.3,77,7654
2364,49,12,train,1110.9,833,5664
2365,49,13,train,376.8,282,4313
2366,49,14,flight,1453.0,145,13235
2367,49,15,flight,1281.5,128,12968
2368,49,16,train,1210.6,907,6715
2369,49,17,train,255.8,191,3963
2370,49,18,flight,340.8,34,5702
2371,49,19,train,215.2,161,3144
2372,49,20,train,2529.3,1896,12547
2373,49,21,train,2674.7,2006,12517
2374,49,22,flight,1291.0,129,11172
2375,49,23,train,557.9,418,4335
2376,49,24,flight,456.4,45,6134
2377,49,25,flight,412.9,41,6142
2378,49,26,flight,2657.5,265,22216
2379,49,27,flight,2430.8,243,20553
2380,49,28,train,294.2,220,3094
2381,49,29,flight,1161.6,116,10495
2382,49,30,flight,383.1,38,4605
2383,49,31,flight,1760.6,176,15588
2384,49,32,flight,1843.8,184,17588
2385,49,33,flight,1841.4,184,15817
2386,49,34,train,247.1,185,2660
2387,49,35,cab,0.0,30,409
2388,49,36,train,2742.6,2056,12522
2389,49,37,flight,2203.9,220,20295
2390,49,38,train,2478.5,1858,12331
2391,49,39,flight,2825.5,282,24139
2392,49,40,train,2094.1,1570,9524
2393,49,41,train,1384.4,1038,7062
2394,49,42,flight,1515.8,151,12656
2395,49,43,flight,981.8,98,9249
2396,49,44,train,1740.4,1305,8981
2397,49,45,train,215.2,161,2810
2398,49,46,flight,294.2,29,3822
2399,49,47,flight,1384.4,138,12685
2400,49,48,train,247.1,185,1745
2401,49,50,train,1843.8,1382,8891
2402,50,1,flight,1247.0,124,11397
2403,50,2,car,153.2,183,2050
2404,50,3,flight,692.0,69,6813
2405,50,4,flight,887.2,88,9915
2406,50,5,train,1614.1,1210,8936
2407,50,6,train,512.2,384,2871
2408,50,7,car,68.2,81,1050
2409,50,8,train,577.8,433,5266
2410,50,9,flight,1021.4,102,10448
2411,50,10,train,1239.8,929,6078
2412,50,11,flight,1119.1,111,11665
2413,50,12,flight,1262.2,126,10659
2414,50,13,flight,1527.7,152,13371
2415,50,14,train,669.4,502,5044
2416,50,15,train,578.6,433,4835
2417,50,16,train,708.0,531,4369
2418,50,17,flight,1798.6,179,16890
2419,50,18,flight,1505.8,150,13259
2420,50,19,train,1629.0,1221,7188
2421,50,20,train,793.7,595,4889
2422,50,21,flight,944.2,94,8973
2423,50,22,train,1804.5,1353,8636
2424,50,23,flight,1402.1,140,13965
2425,50,24,flight,1428.5,142,12433
2426,50,25,train,1461.2,1095,7384
2427,50,26,flight,947.8,94,8946
2428,50,27,train,661.7,496,4814
2429,50,28,flight,1793.2,179,16242
2430,50,29,train,747.4,560,4056
2431,50,30,train,1462.3,1096,7346
2432,50,31,cab,95.7,114,1359
2433,50,32,car,0.0,30,137
2434,50,33,cab,15.0,30,732
2435,50,34,flight,1597.1,159,15263
2436,50,35,flight,1843.8,184,15332
2437,50,36,train,979.6,734,6049
2438,50,37,flight,382.7,38,4512
2439,50,38,train,935.2,701,5871
2440,50,39,train,1072.3,804,6718
2441,50,40,flight,412.9,41,5873
2442,50,41,flight,489.4,48,5253
2443,50,42,train,371.1,278,3160
2444,50,43,flight,926.0,92,7979
2445,50,44,train,1301.3,975,7049
2446,50,45,train,1629.0,1221,9333
2447,50,46,train,1793.2,1344,9007
2448,50,47,flight,489.4,48,4858
2449,50,48,flight,1597.1,159,15415
2450,50,49,flight,1843.8,184,15869
